SampleID	Tissue	Genotype	Treatment	Replicate	phenolics	hapmap	paired	spots	avgLength
s001		NK792			NK792		PE	11019951	300
s002		CH711-10					PE	10400484	300
s003		W7151					PE	9198060	300
s004		PHK56			PHK56		PE	9100973	300
s005		PHB47			PHB47	B47	PE	11716241	300
s006		BSSSC0_028					PE	11092168	300
s007		BSSSC0_037					PE	8859848	300
s008		NY_166_(Neveh_Yaar)					PE	8312710	300
s009		Bei_10_=_North_10			Bei_10_=_North_10		PE	12288806	300
s010		Mo1W			Mo1W	282set_MO1W	PE	12400754	300
s011		BSSSC0_044					PE	13073288	300
s012		BSSSC0_053			BSSSC0_053		PE	12794409	300
s013		PHGW7			PHGW7		PE	10804256	300
s014		BSSSC0_056					PE	10762745	300
s015		CI_540			CI_540		PE	12103731	300
s016		BSSSC0_050					PE	14231746	300
s017		LH209			LH209		PE	13167295	300
s018		BSSSC0_019					PE	14846397	300
s019		BSSSC0_061					PE	12707444	300
s020		DK6M502A					PE	13936335	300
s021		BSSSC0_009					PE	14237569	300
s022		DK2FADB					PE	11304878	300
s023		CS608					PE	9786616	300
s024		BSSSC0_006					PE	9760552	300
s025		W10001_0012					PE	23883041	302
s026		Tr9-1-1-6					PE	24342047	302
s027		LH169Ht					PE	24528193	302
s028		PHWRZ					PE	25908366	302
s029		W10001_0030					PE	27298434	302
s030		LH250					PE	27249799	302
s031		OQ601			OQ601		PE	23881683	302
s032		Fe					PE	26277254	302
s033		NKBCC03				BCC03	PE	26188728	302
s034		B2			B2	282set_B2	PE	25108834	302
s035		PHW86					PE	13811968	300
s036		PHT10				PHT10	PE	13871907	300
s037		PHTE4			PHTE4		PE	28245967	302
s038		MS200					PE	12315841	300
s039		LH127				LH127	PE	13911005	300
s040		LH123HT			LH123HT	LH123HT	PE	13256097	300
s041		N211			N211		PE	14423185	300
s042		LH166					PE	13395271	300
s043		YE_4			YE_4		PE	15425435	300
s044		INBRED_2-687					PE	14388096	300
s045		LH54			LH54	LH54	PE	16764198	300
s046		W10001_0003					PE	29524945	302
s047		W10002_0004					PE	27020025	302
s048		DKMBPM			DKMBPM	MBPM	PE	9722649	300
s049		779			779	779	PE	10759459	300
s050		PHR32			PHR32	PHR32	PE	9888189	300
s051		PHG84				PHG84	PE	10269406	300
s052		52220			52220		PE	9932841	300
s053		MS71			MS71	Ms71	PE	10222792	300
s054		DKMBUB			DKMBUB	MBUB	PE	9549391	300
s055		W8304			W8304	W8304	PE	11525442	300
s056		S8324				S8324	PE	9122834	300
s057		PHT73			PHT73		PE	10456228	300
s058		DJ7			DJ7	DJ7	PE	8842304	300
s059		PHW52			PHW52	PHW52	PE	9793365	300
s060		BSSSC0_018					PE	13094881	300
s061		B14			B14	B14	PE	10423228	300
s062		A334			A334		PE	10247271	300
s063		PHK93				PHK93	PE	9851595	300
s064		PHR58			PHR58	PHR58	PE	9126132	300
s065		PHJ31			PHJ31	PHJ31	PE	10806753	300
s066		DKLIBC_4				LIBC4	PE	10199059	300
s067		Ny821					PE	10349112	300
s068		LH85			LH85	LH85	PE	11454459	300
s069		LH252					PE	22750998	302
s070		LH167					PE	22954749	302
s071		764				764	PE	10116009	300
s072		11430				11430	PE	10812267	300
s073		BSSSC0_012					PE	13294476	300
s074		DK2MCDB					PE	14236412	300
s075		NC258			NC258	282set_NC258	PE	15739682	300
s076		LH206			LH206		PE	10537146	300
s077		LH200			LH200		PE	27003132	302
s078		MQ305			MQ305		PE	11552303	300
s079		LH189Ht					PE	21434111	302
s080		PH5HK			PH5HK		PE	24484064	302
s081		W10001_0016					PE	23494882	302
s082		NKNP899			NKNP899		PE	24632806	302
s083		PHDD6			PHDD6		PE	21417234	302
s084		LH284			LH284		PE	24014667	302
s085		Oh603			Oh603	282set_Oh603	PE	10680568	300
s086		LH199			LH199		PE	10406745	300
s087		B76			B76	B76	PE	13326917	302
s088		PHV57			PHV57		PE	20293844	302
s089		PHV07					PE	17826685	302
s090		PHRE1					PE	15411236	302
s091		RS_710				RS710	PE	14849078	302
s092		PHW30				PHW30	PE	18340791	302
s093		PHPR5				PHPR5	PE	12574112	302
s094		PHR55				PHR55	PE	9359421	302
s095		PHR63				PHR63	PE	14014194	302
s096		DK84QAB1			DK84QAB1		PE	20332354	302
s097		T8			T8	282set_T8	PE	12110672	300
s098		DKFBLA			DKFBLA		PE	10916409	300
s099		DKMDF-13D				MDF-13D	PE	12278700	300
s100		BSSSC0_029					PE	11211627	300
s101		CS405			CS405		PE	11407839	300
s102		BSSSC0_023					PE	9828739	300
s103		NC290A			NC290A	282set_NC290A	PE	10514973	300
s104		WR3			WR3		PE	10663455	300
s105		BSSSC0_035					PE	10788903	300
s106		DK29MIBZ2			DK29MIBZ2	29MIBZ2	PE	11324408	300
s107		L_155			L_155		PE	9686409	300
s108		BSSSC0_045					PE	9296345	300
s109		BSSSC0_030					PE	10237530	300
s110		A96			A96		PE	11273410	300
s111		LH198			LH198		PE	11059058	300
s112		BSSSC0_043					PE	10643232	300
s113		OQ101					PE	12409897	300
s114		NC368			NC368	282set_NC368	PE	9421625	300
s115		A556			A556	282set_A556	PE	13356035	300
s116		WIL500			WIL500	WIL500	PE	13458141	300
s117		W8555			W8555	W8555	PE	7286953	300
s118		NC302			NC302	282set_NC302	PE	5556207	300
s119		PHK35			PHK35	PHK35	PE	9329083	300
s120		PHR62				PHR62	PE	27885722	300
s121		CR14				CR14	PE	11490396	300
s122		NC314			NC314	282set_NC314	PE	10624327	300
s123		BSSSC0_003					PE	15903745	300
s124		PHR25			PHR25	PHR25	PE	14664666	300
s125		PHP60				PHP60	PE	15355078	300
s126		CQ702RC					PE	14700950	300
s127		PHR31			PHR31	R31	PE	13701968	300
s128		IA2132			IA2132	282set_IA2132Goodman-Buckler	PE	14331472	300
s129		PHGV6					PE	14154884	300
s130		LH183			LH183		PE	14972568	300
s131		B105			B105	282set_B105	PE	14361184	300
s132		PHW53					PE	14008066	300
s133		DKMBNA			DKMBNA	MBNA	PE	11339818	300
s134		LH205			LH205	LH205	PE	12951128	300
s135		LH191				LH191	PE	12008105	300
s136		B70			B70		PE	14844795	300
s137		DK78004					PE	14063508	300
s138		4F-306_108					PE	13799664	300
s139		ICI_893			ICI_893		PE	12861577	300
s140		N192			N192	N192	PE	10544898	300
s141		NC348			NC348	282set_NC348	PE	9115613	300
s142		PHVA9					PE	9144472	300
s143		B65			B65		PE	11204937	300
s144		L_139			L_139	L139	PE	9726093	300
s145		Va26			Va26	Va26	PE	11676261	300
s146		CML_504				CML504	PE	10642040	200
s147		CML_496					PE	4476360	200
s148		CML_395					PE	4415694	200
s149		DKIBB15			DKIBB15	IBB15	PE	11053624	300
s150		LH156			LH156	LH156	PE	26106179	302
s151		LH172					PE	30262209	302
s152		LH159					PE	32375919	302
s153		LH163					PE	31655756	302
s154		LH208				LH208	PE	27823302	302
s155		DKAQA3			DKAQA3		PE	30355056	302
s156		LH212Ht			LH212Ht		PE	30484613	302
s157		Lp215D			Lp215D	Lp215D	PE	31687997	302
s158		NK907					PE	31901233	302
s159		LH74			LH74	LH74	PE	30309430	302
s160		DKMBWZ					PE	12758228	300
s161		PHM49					PE	10065957	300
s162		PHW51			PHW51	PHW51	PE	9992356	300
s163		PHTM9					PE	10153075	300
s164		INBRED_321					PE	11010043	300
s165		PHN66			PHN66	PHN66	PE	10001283	300
s166		PHR03			PHR03		PE	9891555	300
s167		NC230			NC230	282set_NC230	PE	10759256	300
s168		S8326			S8326	S8326	PE	10107341	300
s169		DKIBB14				IBB14	PE	9697651	300
s170		CI_82B					PE	10454309	300
s171		BSSSC0_048					PE	10929638	300
s172		DE2			DE2	282set_DE-2	PE	11746874	300
s173		NORTH_7			NORTH_7		PE	11218861	300
s174		A619			A619	A619	PE	9337587	300
s175		PHM57			PHM57	PHM57	PE	11069528	300
s176		LH222					PE	14451206	300
s177		LH213					PE	10825150	300
s178		PHEM7			PHEM7		PE	15953114	300
s179		LH52			LH52	LH52	PE	13076448	300
s180		DK91IFC2					PE	10585590	300
s181		NS501				NS501	PE	13328854	300
s182		PHK05			PHK05	PHK05	PE	11666469	300
s183		BSSSC0_020					PE	11460143	300
s184		OQ403					PE	13449564	300
s185		LH132			LH132	LH132	PE	12593662	300
s186		Mo18W			Mo18W	MO18W	PE	29368622	302
s187		W10001_0007					PE	27326235	302
s188		LH202			LH202	LH202	PE	10133297	300
s189		Va22			Va22	282set_Va22	PE	10068559	300
s190		WIL900			WIL900	WIL900	PE	7639579	300
s191		NC304			NC304	282set_NC304	PE	10656811	300
s192		E8501				E8501	PE	8160442	300
s193		PHV53			PHV53	PHV53	PE	9562527	300
s194		NC326			NC326	282set_NC326	PE	8930096	300
s195		A641			A641	282set_A641	PE	7894814	300
s196		DKIBC2			DKIBC2	IBC2	PE	10584853	300
s197		PHGG7			PHGG7		PE	12161042	300
s198		W182B			W182B	282set_W182B	PE	10240181	300
s199		Mo46			Mo46	282set_Mo46	PE	9370823	300
s200		CML_387					PE	7748707	300
s201		LH160				LH160	PE	8841003	300
s202		J47			J47		PE	9612550	300
s203		A634			A634	282set_A634	PE	6325995	300
s204		Seagull_Seventeen			Seagull_Seventeen	Seagu1117	PE	8977019	300
s205		Oh43E			Oh43E	282set_Oh43E	PE	16731413	300
s206		LH146Ht			LH146Ht	LH146HT	PE	8583610	300
s207		NC298				282set_NC298	PE	9977710	300
s208		PHJ33				PHJ33	PE	8934537	300
s209		PHT47			PHT47		PE	9240703	300
s210		BSSSC0_052					PE	9470180	300
s211		PHN47				PHN47	PE	8643125	300
s212		LH194			LH194	LH194	PE	8022988	300
s213		PHP76				PHP76	PE	10047498	300
s214		PHV78			PHV78	PHV78	PE	8631405	300
s215		Oh3167B					PE	26053269	302
s216		LH184					PE	16130475	300
s217		PHAA0			PHAA0		PE	23758220	302
s218		B73			B73	B73	PE	23980433	302
s219		AH83					PE	24650045	302
s220		PHKM5			PHKM5		PE	26194864	302
s221		DKFBLL			DKFBLL		PE	27183877	302
s222		PHN18					PE	28119873	302
s223		LH186					PE	23938627	302
s224		Mo13					PE	23965112	302
s225		LH217			LH217		PE	20935991	302
s226		LH175					PE	24591104	302
s227		LH225					PE	20395417	302
s228		NC338			NC338	282set_NC338	PE	11051783	300
s229		B46			B46	282set_B46	PE	11084283	302
s230		DK8F196			DK8F196		PE	12541440	302
s231		PHN34			PHN34		PE	12009764	302
s232		DK6F545					PE	13343522	302
s233		B121			B121		PE	14725919	302
s234		PHN41					PE	12795560	302
s235		PHK42			PHK42	PHK42	PE	11396811	302
s236		DK84BRQ4			DK84BRQ4		PE	13477536	302
s237		PHJ75			PHJ75	PHJ75	PE	11504030	302
s238		PHJ89			PHJ89		PE	9784924	302
s239		Il_101T			Il_101T		PE	10833287	300
s240		LH164					PE	11808110	300
s241		B73Htrhm			B73Htrhm		PE	11094946	300
s242		LH57			LH57	LH57	PE	12231853	300
s243		DKF274					PE	29893148	302
s244		LH204			LH204		PE	11871715	300
s245		BSSSC0_062					PE	11274890	300
s246		PHEG9					PE	12634938	300
s247		BSSSC0_024			BSSSC0_024		PE	11663957	300
s248		DK8M129					PE	12415702	300
s249		787				787	PE	11184117	300
s250		PHJ90			PHJ90		PE	13402686	300
s251		H105W			H105W	H105W	PE	31534154	302
s252		DKWDAD1			DKWDAD1		PE	29634224	302
s253		LH162				LH162	PE	26427461	302
s254		Oh1EP					PE	13341949	300
s255		CQ806					PE	35039933	302
s256		W64A			W64A	W64a	PE	16869510	300
s257		PHJ70				PHJ70	PE	15555969	300
s258		PHW80					PE	16831818	300
s259		W182E					PE	17578717	300
s260		PHK76			PHK76	PHK76	PE	14601983	300
s261		LH165					PE	17495265	300
s262		NK740			NK740		PE	18597677	300
s263		PHN46			PHN46		PE	15921711	300
s264		LH119			LH119	LH119	PE	11929655	300
s265		LH82			LH82	LH82	PE	13799643	300
s266		W10001_0018					PE	27666476	302
s267		PHEM9			PHEM9		PE	28564496	302
s268		PHP85				PHP85	PE	7629811	300
s269		ZS1791			ZS1791		PE	31055280	302
s270		W10001_0009					PE	26322788	302
s271		4F-234_BX_4					PE	7975307	200
s272		CML_154Q			CML_154Q	282set_CML154Q	PE	4502556	200
s273		PHT60				PHT60	PE	14124079	300
s274		PHP02			PHP02	PHP02	PE	17746833	300
s275		ND249					PE	14319154	300
s276		DK3IIH6			DK3IIH6		PE	17083414	300
s277		PHG39			PHG39	PHG39	PE	8017184	200
s278		PHG47			PHG47	PHG47	PE	8997000	200
s279		Mo16W			Mo16W		PE	8099785	200
s280		BSSSC0_014					PE	15945944	300
s281		DE1			DE1	282set_DE1	PE	10519361	300
s282		LH192			LH192	LH192	PE	11339785	300
s283		LH215				LH215	PE	10395015	300
s284		BSSSC0_001					PE	11004207	300
s285		LH195			LH195		PE	10642155	300
s286		A654			A654	282set_A654	PE	9904387	300
s287		NS701			NS701	NS701	PE	16071393	300
s288		LH143_CMS					PE	19232086	300
s289		F42			F42	F42	PE	16423180	300
s290		2369			2369	2369	PE	18519600	300
s291		CM48			CM48		PE	14542139	300
s292		Wf9			Wf9	282set_Wf9	PE	13879737	300
s293		DK83IBI3				83IBI3	PE	13146797	300
s294		DKF118					PE	14057655	300
s295		KO679Y			KO679Y		PE	10354749	300
s296		PHJ65					PE	10791285	300
s297		W10001_0040					PE	30326193	302
s298		NKNP901			NKNP901		PE	27261616	302
s299		LH218					PE	26513150	302
s300		PHK46			PHK46		PE	27046550	302
s301		LH260					PE	28733112	302
s302		I11.12E					PE	28416513	302
s303		I224					PE	25268102	302
s304		A3G-3-3-1-313					PE	25776329	302
s305		W10002_0001					PE	26099173	302
s306		W10001_0031					PE	28316462	302
s307		PHT69			PHT69	PHT69	PE	10532091	300
s308		BSSSC0_034					PE	10455768	300
s309		AS6103			AS6103		PE	8216257	300
s310		DK3IJI1			DK3IJI1		PE	11830952	300
s311		LH224			LH224		PE	11390166	300
s312		BSSSC0_016			BSSSC0_016		PE	12433544	300
s313		PH207			PH207	PH207	PE	11867025	300
s314		A441-5			A441-5	282set_A441-5	PE	11394149	300
s315		WIL901			WIL901	WIL901	PE	10602527	300
s316		ZS01250			ZS01250	ZS01250	PE	10479112	300
s317		NC324			NC324	282set_NC324	PE	3078262	300
s318		PHW03				PHW03	PE	7129085	300
s319		PHT22				PHT22	PE	10760221	300
s320		L_135			L_135	L135	PE	5627097	300
s321		NC294			NC294	282set_NC294	PE	7939757	300
s322		PHW65			PHW65		PE	19708614	300
s323		NC306			NC306	282set_NC306	PE	8444721	300
s324		ICI_441			ICI_441		PE	10296272	300
s325		PHBB3			PHBB3		PE	10286886	300
s326		DKMBZA					PE	32695371	302
s327		LH128				LH128	PE	27384382	302
s328		BSSSC0_038					PE	13926169	300
s329		LH197			LH197		PE	12619940	300
s330		Pa405					PE	15527873	300
s331		Ill.Hy			Ill.Hy	282set_ILLHy	PE	32401976	302
s332		PHHB4			PHHB4		PE	32809245	302
s333		L222					PE	25578997	302
s334		790			790	790	PE	10371095	300
s335		NK794			NK794		PE	12611059	300
s336		A672			A672		PE	14067377	300
s337		BSSSC0_058					PE	13178687	300
s338		LH188			LH188		PE	27654873	302
s339		PHW06					PE	26391409	302
s340		PHEW7			PHEW7		PE	24416255	302
s341		ND287			ND287		PE	22179431	302
s342		PHT11			PHT11		PE	25726768	302
s343		PHFA5					PE	25990231	302
s344		PHR61					PE	27091751	302
s345		PHP38			PHP38		PE	25030013	302
s346		PHMK0			PHMK0		PE	28067840	302
s347		LH231			LH231		PE	26408849	302
s348		BSSSC0_049					PE	15863670	300
s349		PHJR5					PE	12991793	300
s350		A344			A344		PE	12204370	302
s351		PHG71				PHG71	PE	17946792	302
s352		DKMM501D			DKMM501D		PE	31843973	302
s353		NQ402					PE	31158309	302
s354		OS602					PE	26528822	302
s355		OQ603				OQ603	PE	33864349	302
s356		PHHH9					PE	14522480	302
s357		PHG86			PHG86	PHG86	PE	11686034	302
s358		PHBA6				PHBA6	PE	14294219	302
s359		NK807			NK807		PE	15874615	302
s360		DK78551S				78551S	PE	12050985	300
s361		W602S			W602S		PE	9157825	300
s362		B57			B57	282set_B57	PE	10533831	300
s363		PHN82			PHN82	PHN82	PE	10941407	300
s364		BSSSC0_021					PE	10317776	300
s365		ND259			ND259		PE	11371362	300
s366		904					PE	10330195	300
s367		DK87916W			DK87916W	87916W	PE	10561869	300
s368		BSSSC0_057					PE	14311602	300
s369		ICI_193			ICI_193		PE	11890029	300
s370		NC262			NC262	282set_NC262	PE	14716718	300
s371		DK2MA22				2MA22	PE	11933266	300
s372		LH193			LH193	LH193	PE	12375553	300
s373		BSSSC0_026					PE	15024609	300
s374		4F-403_JV_15					PE	12154433	300
s375		ICI_581			ICI_581		PE	12457571	300
s376		LH196				LH196	PE	14210953	300
s377		Va17			Va17	282set_Va17	PE	12823604	300
s378		BSSSC0_046					PE	14531064	300
s379		MS1334			MS1334	282set_MS1334	PE	15665145	300
s380		IDS91			IDS91	282set_IDS91	PE	8250717	300
s381		4N506				4N506	PE	8136634	300
s382		J8606				J8606	PE	9800625	300
s383		NC328			NC328	282set_NC328	PE	7694856	300
s384		LH185			LH185		PE	15510624	300
s385		B118			B118		PE	21820258	300
s386		PHM81				PHM81	PE	17479423	300
s387		PHVJ4					PE	17555652	300
s388		ZS635			ZS635		PE	18034949	300
s389		LP1_NR_Ht			LP1_NR_Ht		PE	15334833	300
s390		07108Vbt					PE	11018667	300
s391		PHK74					PE	10488382	300
s392		NC260			NC260	282set_NC260	PE	17802417	300
s393		PHKE6					PE	16262734	300
s394		DK2FACC				2FACC	PE	14980283	300
s395		BSSSC0_054					PE	18405524	300
s396		BSSSC0_040					PE	12600894	300
s397		1538				1538	PE	12168113	300
s398		PHK29					PE	14160695	300
s399		BSSSC0_008					PE	14210710	300
s400		F2				german_F2	PE	15141339	300
s401		DK78010			DK78010		PE	14164951	300
s402		DKMBST			DKMBST	MBST	PE	11863195	300
s403		LH210					PE	14926407	300
s404		PHAW6					PE	14133053	300
s405		BSSSC0_007					PE	13118615	300
s406		BSSSC0_051					PE	15276986	300
s407		BSSSC0_033			BSSSC0_033		PE	13694582	300
s408		BSSSC0_002					PE	15658041	300
s409		A508			A508		PE	16866178	300
s410		BSSSC0_041					PE	15806420	300
s411		911					PE	14650262	300
s412		LH190			LH190	LH190	PE	16931059	300
s413		DK6F629					PE	14363452	300
s414		BSSSC0_005					PE	12320896	300
s415		DK8M116					PE	11336883	302
s416		Va35			Va35	Va35	PE	12033821	302
s417		DKIB014			DKIB014	IB014	PE	14698423	302
s418		PHG83			PHG83	PHG83	PE	19414364	302
s419		WIL903			WIL903	WIL903	PE	18539748	302
s420		ICI_986					PE	14920267	302
s421		PHTD5			PHTD5		PE	26534016	302
s422		WD456					PE	26520323	302
s423		LE23					PE	28423901	302
s424		W10001_0010					PE	25683497	302
s425		NC310			NC310	282set_NC310	PE	16285362	300
s426		LH216			LH216		PE	16437861	300
s427		BSSSC0_042					PE	16996100	300
s428		BSSSC0_060					PE	15982835	300
s429		NQ508				NQ508	PE	13995535	300
s430		A322			A322		PE	15958460	300
s431		912					PE	15762170	300
s432		DK3IBZ2				3IBZ2	PE	14357116	300
s433		NC350			NC350	NC350	PE	16229440	300
s434		PHBW8			PHBW8		PE	11085301	300
s435		DKNL001					PE	10336858	300
s436		PHWG5			PHWG5	PHWG5	PE	10313556	300
s437		PHV37				PHV37	PE	7777801	300
s438		PHP55			PHP55	PHP55	PE	10526375	300
s439		Pa91			Pa91	Pa91	PE	9716367	300
s440		INB_101LFY/LFY_(A632_X_M16_S5)					PE	11037926	300
s441		PHW20				PHW20	PE	10010048	300
s442		Va59			Va59	282set_Va59	PE	10193312	300
s443		N200			N200		PE	15791525	300
s444		DK6M502				6M502	PE	7059318	300
s445		DK78002A			DK78002A	78002A	PE	9296724	300
s446		LH181					PE	12754770	300
s447		CMV3			CMV3	282set_CMV3	PE	12219443	300
s448		A548			A548		PE	16794285	300
s449		793					PE	11650463	300
s450		BSSSC0_025					PE	15411216	300
s451		LH214					PE	18014112	300
s452		CA-4			CA-4		PE	12538901	300
s453		BSSSC0_039					PE	14685387	300
s454		LH150				LH150	PE	16784460	300
s455		N523			N523		PE	11572621	300
s456		BSSSC0_036					PE	13196745	300
s457		BSSSC0_013					PE	13388175	300
s458		ICI_740			ICI_740		PE	11514191	300
s459		N540			N540		PE	18356152	300
s460		BSSSC0_031			BSSSC0_031		PE	11568058	300
s461		DKHB8229				HB8229	PE	13381127	300
s462		LH60			LH60	LH60	PE	9430490	300
s463		AM0776					PE	21193975	302
s464		LH299					PE	26548502	302
s465		DKPB80			DKPB80	PB80	PE	14383653	300
s466		L_127			L_127	L127	PE	14982213	300
s467		PHN73				PHN73	PE	13121621	300
s468		BSSSC0_015					PE	13279206	300
s469		BSSSC0_055					PE	10743737	300
s470		PHB09			PHB09	B09	PE	13087718	300
s471		LH211			LH211		PE	12960769	300
s472		BSSSC0_022					PE	11900615	300
s473		DKMM402A			DKMM402A	MM402A	PE	30939492	302
s474		PHHB9					PE	26802271	302
s475		LH51			LH51	LH51	PE	33891985	302
s476		NC362			NC362	282set_NC362	PE	28672242	302
s477		LH223			LH223		PE	28592446	302
s478		MS153			MS153	282set_MS153	PE	32450565	302
s479		N201			N201		PE	27948595	302
s480		ML606			ML606	ML606	PE	30034795	302
s481		PHH93			PHH93	PHH93	PE	10182068	300
s482		NC364			NC364	282set_NC364	PE	26005629	302
s483		A797NW			A797NW		PE	31619957	302
s484		LH220Ht			LH220Ht	LH220Ht	PE	9635627	300
s485		PHM10				PHM10	PE	9617311	300
s486		PHW79			PHW79	PHW79	PE	10460304	300
s487		B91			B91		PE	8494270	300
s488		PHW43				PHW43	PE	8598080	300
s489		4226			4226	282set_4226	PE	12361051	200
s490		4722			4722	4722	PE	9923575	200
s491		04033V					PE	12002732	200
s492		33-16			33-16	282set_33-16	PE	16397594	200
s493		38-11			38-11	282set_38-11Goodman-Buckler	PE	14149803	200
s494		4554_INBRED					PE	11564346	200
s495		4578_INBRED			4578_INBRED		PE	8296241	200
s496		4F-35_BK					PE	12016484	200
s497		80-2			80-2		PE	10265748	200
s498		A			A		PE	9614509	200
s499		A12					PE	11241746	200
s500		A15			A15		PE	6560105	200
s501		A155					PE	9361642	200
s502		A171			A171		PE	8053897	200
s503		A188			A188	282set_A188	PE	18564645	200
s504		A208			A208		PE	14451965	200
s505		A239			A239	282set_A239	PE	6369487	200
s506		A258			A258		PE	16090143	200
s507		A305			A305		PE	7759796	200
s508		A321			A321		PE	6485685	200
s509		A340					PE	10544870	200
s510		A374			A374		PE	9304842	200
s511		A385					PE	8433511	200
s512		A401			A401		PE	15013526	200
s513		A415-1-3_INBRED			A415-1-3_INBRED		PE	10830871	200
s514		A427			A427		PE	11343571	200
s515		A554			A554	A554	PE	12127359	200
s516		A572			A572		PE	6146099	200
s517		A627			A627		PE	6732997	200
s518		A632			A632	A632	PE	13463783	200
s519		A635			A635	282set_A635	PE	10886917	200
s520		A648			A648		PE	9249264	200
s521		A649					PE	11100807	200
s522		A651					PE	7385369	200
s523		A659			A659	282set_A659	PE	11684971	200
s524		A661			A661	282set_A661	PE	11239904	200
s525		A662					PE	6861362	200
s526		A663			A663		PE	15210610	200
s527		A673			A673		PE	8634803	200
s528		A674			A674		PE	8877616	200
s529		A679			A679	A679	PE	9904082	200
s530		A680			A680	282set_A680	PE	8159471	200
s531		A682			A682	282set_A682	PE	16779161	200
s532		A71			A71		PE	8710693	200
s533		A73			A73		PE	20499906	200
s534		AR228			AR228		PE	11697659	200
s535		AS5707			AS5707		PE	5788179	200
s536		AusTRCF_306238			AusTRCF_306238		PE	7523248	200
s537		B-18_INBR.FR.SUPERGOLD			B-18_INBR.FR.SUPERGOLD		PE	8749773	200
s538		B-28			B-28		PE	10125956	200
s539		B10			B10	282set_B10	PE	11093923	200
s540		B101			B101		PE	18247894	200
s541		B104			B104	282set_B104	PE	9633036	200
s542		B106			B106		PE	13774579	200
s543		B107			B107		PE	8507148	200
s544		B108			B108		PE	13885709	200
s545		B109			B109	282set_B109	PE	15815186	200
s546		B110			B110		PE	8619438	200
s547		B111			B111		PE	17375942	200
s548		B112			B112		PE	6249849	200
s549		B113			B113		PE	12225959	200
s550		B114					PE	7900228	200
s551		B115			B115		PE	18091749	200
s552		B119			B119		PE	10572824	200
s553		B120			B120		PE	9131894	200
s554		B14A			B14A	282set_B14A	PE	12270206	200
s555		B164			B164	282set_B164	PE	8073221	200
s556		B37			B37	B37	PE	6178219	200
s557		B42			B42		PE	5621548	200
s558		B52			B52	282set_B52	PE	7284456	200
s559		B54					PE	15433751	200
s560		B64			B64	282set_B64	PE	6946454	200
s561		B66			B66		PE	16262213	200
s562		B68			B68	B68	PE	8676696	200
s563		B7			B7	B7	PE	11247322	200
s564		B75			B75	282set_B75	PE	16230693	200
s565		B77			B77	282set_B77	PE	20705205	200
s566		B79			B79	282set_B79	PE	6322121	200
s567		B8			B8	B8	PE	10076231	200
s568		B84			B84	282set_B84	PE	10377776	200
s569		B85			B85		PE	19553735	200
s570		B87			B87		PE	11107804	200
s571		B88			B88		PE	12605109	200
s572		B90			B90		PE	7314669	200
s573		B97			B97	B97	PE	11662335	200
s574		B98			B98	B98	PE	14324257	200
s575		B99			B99		PE	16674942	200
s576		C102					PE	23506787	200
s577		C103			C103	C103	PE	7636163	200
s578		C123			C123	282set_C123	PE	10710120	200
s579		C15					PE	9274740	200
s580		C42					PE	8574425	200
s581		C49A			C49A	282set_C49A	PE	9905474	200
s582		C68			C68		PE	6207735	200
s583		CG10			CG10		PE	9424133	200
s584		CG106					PE	6499136	200
s585		CG108			CG108		PE	6880977	200
s586		CG65			CG65		PE	8334062	200
s587		CH157			CH157		PE	9331922	200
s588		CH701-30			CH701-30	282set_CH701-30	PE	13820219	200
s589		CH753-4			CH753-4		PE	5970908	200
s590		CH9			CH9	282set_CH9	PE	11722415	200
s591		Chi-tan_120					PE	21089925	200
s592		CI_40H			CI_40H		PE	7022357	200
s593		CI_187-2			CI_187-2	282set_CI187-2	PE	7568062	200
s594		CI_21E			CI_21E	282set_CI21E	PE	19590187	200
s595		CI_28A			CI_28A	282set_CI28AGoodman-Buckler	PE	6987893	200
s596		CI_31A			CI_31A	282set_CI31A	PE	11260617	200
s597		CI_3A			CI_3A	282set_CI3A	PE	7348592	200
s598		CI_64			CI_64	282set_CI64	PE	18318199	200
s599		CI_90C			CI_90C	282set_Ci90CGoodman-Buckler	PE	12687612	200
s600		CI_91B			CI_91B	282set_Ci91BGoodman-Buckler	PE	7776231	200
s601		CL17			CL17		PE	10413048	200
s602		CL18					PE	12125505	200
s603		CL22					PE	9538686	200
s604		CL27					PE	7185805	200
s605		CM105			CM105	CM105	PE	8509976	200
s606		CM37			CM37	282set_CM37	PE	53269168	200
s607		CM7			CM7	282set_CM7	PE	8383716	200
s608		CM99			CM99		PE	18384668	200
s609		CML_108			CML_108	282set_CML108	PE	8851616	200
s610		CML_144					PE	6486699	200
s611		CML_161					PE	9515176	200
s612		CML_176					PE	14322610	200
s613		CML_197					PE	5203351	200
s614		CML_202				CML202	PE	6983607	200
s615		CML_216					PE	7283773	200
s616		CML_218			CML_218	282set_CML218	PE	7133077	200
s617		CML_220			CML_220	282set_CML220	PE	7475108	200
s618		CML_228			CML_228	CML228	PE	11521377	200
s619		CML_247				CML247	PE	10737848	200
s620		CML_251					PE	12809066	200
s621		CML_254				282set_CML254	PE	10670876	200
s622		CML_264				282set_CML264	PE	13030552	200
s623		CML_277				CML277	PE	7241049	200
s624		CML_287				282set_CML287	PE	15919428	200
s625		CML_312					PE	4750888	200
s626		CML_322				CML322	PE	10823061	200
s627		CML_323				282set_CML323	PE	6252787	200
s628		CML_376					PE	7540317	200
s629		CML_421					PE	13005337	200
s630		CML_444					PE	11762524	200
s631		CML_448					PE	5552885	200
s632		CML_451					PE	4490264	200
s633		CML_465					PE	44006908	200
s634		CML_488					PE	8919093	200
s635		CML_491					PE	10976372	200
s636		CML_505				CML505	PE	11485139	200
s637		CML_509					PE	8235732	200
s638		CML_511				CML511	PE	8060341	200
s639		CML_52				CML52	PE	12140115	200
s640		CML_91			CML_91	282set_CML91	PE	11085335	200
s641		CO106			CO106	282set_CO106	PE	9698647	200
s642		CO117					PE	10922665	200
s643		CO125			CO125	282set_CO125	PE	12126773	200
s644		CO158			CO158		PE	12611618	200
s645		CO192			CO192		PE	7554575	200
s646		CO216			CO216		PE	15892070	200
s647		CO236			CO236		PE	19029960	200
s648		CO237					PE	18819297	200
s649		CO245			CO245		PE	11999803	200
s650		CO255			CO255	282set_CO255	PE	8372831	200
s651		CO256			CO256		PE	6157386	200
s652		CO257			CO257		PE	5684445	200
s653		CO258			CO258		PE	7640867	200
s654		CR_22_INBRED					PE	8621729	200
s655		CR1HT			CR1HT	CR1HT	PE	7561963	200
s656		CSJ3			CSJ3		PE	7751665	200
s657		DE3			DE3		PE	19404637	200
s658		DE4			DE4		PE	10244033	200
s659		DE811			DE811	De811	PE	11093356	200
s660		DK4676A			DK4676A	4676A	PE	11667945	200
s661		DK78371A			DK78371A	78371A	PE	7476546	200
s662		DKFBHJ			DKFBHJ	FBHJ	PE	11215067	200
s663		DKHBA1			DKHBA1	HBAI	PE	6204301	200
s664		DKIB02			DKIB02	IB02	PE	58965258	200
s665		E2558W			E2558W	282set_E2558W	PE	8879938	200
s666		EAST_028			EAST_028		PE	9299228	200
s667		Eng-Li_Chih			Eng-Li_Chih		PE	12585612	200
s668		EP1			EP1	282set_EP1	PE	8884536	200
s669		F115			F115		PE	13364147	200
s670		F2834T			F2834T	282set_F2834T	PE	6110889	200
s671		F431			F431		PE	13274405	200
s672		F44			F44		PE	9421148	200
s673		F7			F7	F7	PE	13058899	200
s674		FC46					PE	23684430	200
s675		FR19					PE	5830511	200
s676		G22_T122					PE	11680216	200
s677		G3_T5a					PE	9741533	200
s678		GE129					PE	13253274	200
s679		GE54					PE	7666076	200
s680		H110			H110		PE	11522009	200
s681		H113			H113		PE	9409316	200
s682		H114			H114	H114	PE	7947748	200
s683		H121			H121		PE	9790707	200
s684		H122w			H122w		PE	13251684	200
s685		H124w			H124w		PE	11078405	200
s686		H14					PE	11680760	200
s687		H49			H49	282set_H49	PE	6786984	200
s688		H5			H5		PE	7544952	200
s689		H52					PE	8186218	200
s690		H71			H71		PE	14470035	200
s691		H84			H84	H84	PE	12384520	200
s692		H91			H91	282set_H91	PE	9491048	200
s693		H95			H95	282set_H95	PE	21624946	200
s694		H96			H96		PE	7117413	200
s695		H99			H99	H99	PE	13900023	200
s696		Hi26					PE	7713847	200
s697		Hi28					PE	9448169	200
s698		HP301			HP301	HP301	PE	14683402	200
s699		HP72-11			HP72-11		PE	9932320	200
s700		Huanyao			Huanyao		PE	40729676	200
s701		Huobai			Huobai	huobai	PE	6528694	200
s702		I159			I159		PE	11293157	200
s703		I205				282set_I205	PE	15452325	200
s704		I29			I29	282set_I29	PE	14021502	200
s705		Ia453					PE	7676696	200
s706		Ia5125B			Ia5125B		PE	10060051	200
s707		IDS28			IDS28	282set_IDS28	PE	16397619	200
s708		IDS69			IDS69	282set_IDS69	PE	15574116	200
s709		Il14H			Il14H	Il14H	PE	8493226	200
s710		Il778d					PE	6516068	200
s711		INBRED_100					PE	13642163	200
s712		INBRED_109					PE	45644477	200
s713		INBRED_141			INBRED_141		PE	9410882	200
s714		INBRED_305			INBRED_305		PE	8058283	200
s715		INBRED_309			INBRED_309		PE	9262394	200
s716		K148			K148	282set_K148	PE	10367890	200
s717		K150			K150		PE	8382565	200
s718		K155					PE	10997845	200
s719		K201					PE	12290238	200
s720		K4			K4	282set_K4	PE	14710062	200
s721		K41			K41		PE	8771212	200
s722		K47					PE	9250244	200
s723		K55			K55	282set_K55	PE	16000124	200
s724		K64			K64	282set_K64	PE	14646070	200
s725		Ki11			Ki11	Ki11	PE	12698889	200
s726		Ki21			Ki21	Ki21	PE	6701137	200
s727		Ki3				KI3	PE	13891517	200
s728		Ki43			Ki43	282set_Ki43	PE	9276851	200
s729		KUNG-70			KUNG-70		PE	17240354	200
s730		Ky21			Ky21	Ky21	PE	7899093	200
s731		Ky226			Ky226	282set_KY226	PE	9790098	200
s732		Ky228			Ky228	282set_KY228	PE	13144361	200
s733		L_289			L_289		PE	18840066	200
s734		L317			L317	282set_L317	PE	9840201	200
s735		LH1			LH1	LH1	PE	11349990	200
s736		LH143_(Maintainer)			LH143_(Maintainer)		PE	45626232	200
s737		LH145			LH145	LH145	PE	18192499	200
s738		LH149			LH149	LH149	PE	30127860	200
s739		LH38			LH38	LH38	PE	13430246	200
s740		LH39			LH39	LH39	PE	13729557	200
s741		LH59			LH59	LH59	PE	6340834	200
s742		LH61			LH61	LH61	PE	8883451	200
s743		LH93			LH93	LH93	PE	11498266	200
s744		LP5			LP5	LP5	PE	4967590	200
s745		M14			M14	M14	PE	6502916	200
s746		M162W			M162W	M162W	PE	9846101	200
s747		M37W			M37W	M37W	PE	9411902	200
s748		MEF156-55-2			MEF156-55-2	282set_MEF156-55-2	PE	8627631	200
s749		Mo15W			Mo15W		PE	8685101	200
s750		Mo17			Mo17	Mo17	PE	211552284	200
s751		Mo23W					PE	22134763	200
s752		Mo24W			Mo24W	Mo24W	PE	10388957	200
s753		Mo28W					PE	8218823	200
s754		Mo3					PE	8192207	200
s755		Mo30W					PE	15213274	200
s756		Mo39			Mo39		PE	26650487	200
s757		Mo44			Mo44	282set_Mo44	PE	11941384	200
s758		Mo45			Mo45	282set_Mo45	PE	13632193	200
s759		Mo47			Mo47	282set_Mo47	PE	14480087	200
s760		Mo5			Mo5		PE	22549914	200
s761		Mo7			Mo7		PE	8055102	200
s762		MoG			MoG	282set_MoG	PE	8134192	200
s763		Mp339				282set_Mp339	PE	14283931	200
s764		MS106					PE	13632952	200
s765		MS116			MS116		PE	10748414	200
s766		MS12					PE	9286556	200
s767		MS132					PE	7415643	200
s768		MS142					PE	7431805	200
s769		MS211			MS211		PE	11323997	200
s770		MS221			MS221		PE	11483199	200
s771		MS222			MS222		PE	6141619	200
s772		MS223					PE	8751891	200
s773		MS224			MS224		PE	6769835	200
s774		MS225			MS225		PE	14082929	200
s775		MS226			MS226		PE	11963361	200
s776		MS24A			MS24A		PE	5490958	200
s777		MS67			MS67		PE	10232605	200
s778		MS72			MS72		PE	8756227	200
s779		Mt42			Mt42	282set_Mt42	PE	10482743	200
s780		N193			N193		PE	12791764	200
s781		N197			N197		PE	10734008	200
s782		N199			N199		PE	17772801	200
s783		N209			N209		PE	10999565	200
s784		N215			N215		PE	11652093	200
s785		N216			N216		PE	10908614	200
s786		N217			N217		PE	13111259	200
s787		N218			N218		PE	7466082	200
s788		N28			N28		PE	7476058	200
s789		N28E					PE	7262581	200
s790		N28Ht			N28Ht	282set_N28Ht	PE	12585138	200
s791		N501			N501		PE	9762188	200
s792		N527			N527		PE	21476439	200
s793		N534			N534		PE	11189781	200
s794		N538			N538		PE	6508131	200
s795		N542			N542		PE	14427632	200
s796		N545			N545		PE	10815390	200
s797		N6			N6	N6	PE	12036498	200
s798		N7A			N7A		PE	10308077	200
s799		NC13					PE	5473675	200
s800		NC232			NC232	282set_NC232	PE	13454508	200
s801		NC236			NC236	282set_NC236	PE	9479231	200
s802		NC250			NC250	282set_NC250	PE	14495030	200
s803		NC264			NC264	282set_NC264	PE	10316713	200
s804		NC318			NC318	282set_NC318	PE	13084668	200
s805		NC340			NC340	282set_NC340	PE	10145298	200
s806		NC342			NC342	282set_NC342	PE	10328707	200
s807		NC344			NC344	282set_NC344	PE	8400983	200
s808		NC356			NC356	282set_NC356	PE	11591412	200
s809		NC358			NC358	NC358	PE	8189005	200
s810		NC412			NC412		PE	10078072	200
s811		NC472			NC472		PE	12109189	200
s812		ND1					PE	13928065	200
s813		ND101					PE	7546330	200
s814		ND167			ND167		PE	10338534	200
s815		ND230					PE	10540044	200
s816		ND245					PE	11310507	200
s817		ND246			ND246	ND246	PE	18521127	200
s818		ND247					PE	5579551	200
s819		ND251			ND251		PE	8639033	200
s820		ND260					PE	8005764	200
s821		ND262			ND262		PE	17521942	200
s822		ND265			ND265		PE	10915749	200
s823		ND283					PE	8492599	200
s824		NKH8431			NKH8431	H8431	PE	9441430	200
s825		NO._380			NO._380		PE	9176843	200
s826		NP87			NP87		PE	19590767	200
s827		NY_159_(Neveh_Yaar)			NY_159_(Neveh_Yaar)		PE	20361678	200
s828		NY6371			NY6371		PE	16133384	200
s829		OC19			OC19		PE	7335265	200
s830		Oh33			Oh33		PE	8099134	200
s831		Oh40B			Oh40B	Oh40B	PE	8709143	200
s832		Oh7				OH7	PE	9958509	200
s833		Oh7B			Oh7B	oh07B	PE	11572147	200
s834		Os420			Os420	282set_Os420	PE	9383746	200
s835		Os426					PE	9380461	200
s836		P39			P39	P39	PE	7423320	200
s837		Pa392			Pa392		PE	10175964	200
s838		Pa468			Pa468		PE	8255511	200
s839		Pa762			Pa762	282set_Pa762	PE	8887009	200
s840		Pa778					PE	61454555	200
s841		Pa880			Pa880	282set_Pa880	PE	11039889	200
s842		Pa891					PE	7101030	200
s843		PHG29			PHG29		PE	8339956	200
s844		PHG35			PHG35	PHG35	PE	13608930	200
s845		PHG50			PHG50	PHG50	PE	8302794	200
s846		PHG72			PHG72	PHG72	PE	16548682	200
s847		PHG80			PHG80		PE	13394946	200
s848		PHJ40			PHJ40	PHJ40	PE	7493289	200
s849		PHN11			PHN11	PHN11	PE	8261638	200
s850		PHR36			PHR36	PHR36	PE	9086952	200
s851		PHT55			PHT55	PHT55	PE	8089949	200
s852		PHT77			PHT77	PHT77	PE	8177332	200
s853		PHV63					PE	8481481	200
s854		PHW17			PHW17	PHW17	PE	19525760	200
s855		PHZ51			PHZ51	PHZ51	PE	10548901	200
s856		R101			R101		PE	10684207	200
s857		R113			R113		PE	10903128	200
s858		R134			R134		PE	15650624	200
s859		R168			R168	282set_R168	PE	9097112	200
s860		R177			R177	282set_R177	PE	9830348	200
s861		R181B			R181B		PE	7333945	200
s862		R197			R197		PE	8068153	200
s863		R225			R225		PE	9948074	200
s864		R226			R226		PE	5575165	200
s865		R227			R227		PE	9025308	200
s866		R229			R229	282set_R229	PE	11399731	200
s867		R30				PHR30	PE	9803643	200
s868		R4			R4	282set_R4	PE	7857596	200
s869		R53			R53		PE	9536898	200
s870		R71			R71		PE	4094332	200
s871		R78			R78		PE	8946451	200
s872		S_56					PE	16462015	200
s873		SD101			SD101		PE	8755400	200
s874		SD102			SD102		PE	12395168	200
s875		SD107			SD107		PE	5672217	200
s876		SD15					PE	11158343	200
s877		SD40			SD40	282set_SD40	PE	9617726	200
s878		SD42			SD42		PE	8342480	200
s879		SD44			SD44	282set_SD44	PE	8907211	200
s880		SG_30A			SG_30A		PE	9208092	200
s881		Sg_1533			Sg_1533	Sg1533	PE	17005017	200
s882		Sg_18			Sg_18	282set_Sg18	PE	15382726	200
s883		T141					PE	10612878	200
s884		T146			T146		PE	11873913	200
s885		T232			T232	282set_T232	PE	10211522	200
s886		T234			T234	282set_T234	PE	8490273	200
s887		T242			T242		PE	19858967	200
s888		T9					PE	12842792	200
s889		Tr			Tr		PE	9724085	200
s890		Tx303				Tx303	PE	10083492	200
s891		TZU-CHIAO-HSI-WU_105			TZU-CHIAO-HSI-WU_105		PE	10051792	200
s892		U_123					PE	7224855	200
s893		U267Y			U267Y	282set_U267Y	PE	11754536	200
s894		Va102			Va102	282set_VA102	PE	8156140	200
s895		Va14			Va14	282set_Va14	PE	7422483	200
s896		Va38			Va38		PE	12354626	200
s897		Va52			Va52		PE	8200828	200
s898		Va85			Va85	282set_Va85	PE	6478280	200
s899		Va99			Va99	282set_Va99	PE	9811545	200
s900		VaW6			VaW6	282set_VaW6	PE	12842795	200
s901		W117HT			W117HT	282set_W117Ht	PE	10593700	200
s902		W153R			W153R	W153R	PE	8581264	200
s903		W182BN			W182BN	W182bn	PE	13077926	200
s904		W22			W22	W22	PE	9067556	200
s905		W23			W23	W23	PE	9369386	200
s906		W24			W24		PE	12113346	200
s907		W32					PE	11931022	200
s908		W37A			W37A		PE	13223597	200
s909		W552			W552		PE	12939329	200
s910		W59E			W59E		PE	10726012	200
s911		W601S			W601S		PE	9655045	200
s912		W603S			W603S		PE	27202582	200
s913		W604S			W604S		PE	10020289	200
s914		W605S			W605S		PE	29006061	200
s915		W703			W703		PE	4828804	200
s916		W802G			W802G		PE	9838029	200
s917		W803G			W803G		PE	10847247	200
s918		W809G			W809G		PE	6370139	200
s919		W810G			W810G		PE	14244470	200
s920		W811G			W811G		PE	12597475	200
s921		W812G			W812G		PE	15216487	200
s922		W813G					PE	9525993	200
s923		W814G			W814G		PE	10951420	200
s924		W815G					PE	8736712	200
s925		W816G					PE	9535063	200
s926		W817G			W817G		PE	7348226	200
s927		W818G			W818G		PE	11646289	200
s928		W819G			W819G		PE	11748911	200
s929		W820G			W820G		PE	11738518	200
s930		W821G			W821G		PE	17419219	200
s931		W85					PE	11550285	200
s932		W9					PE	8943807	200
s933		WD			WD		PE	12830765	200
s934		WU-TAN-TZAO					PE	13952612	200
s935		WXB6					PE	14184756	200
s936		YANG			YANG		PE	21658750	200
s937		YE-CHI-HUNG			YE-CHI-HUNG		PE	11452720	200
s938		YELLOW_3-4					PE	9205930	200
s939		YING-55			YING-55		PE	20093686	200
s940		Yong_28					PE	17330561	200
s941		Yu796_NS			Yu796_NS	282set_Yu796	PE	8025493	200
s942		Oh43			Oh43	Oh43	SE	153949626	50
