SampleID	Tissue	Genotype	Treatment	Replicate	inbred	total	surviving	surviving_f	surviving_r	dropped	uniquely_mapped	multimapped	unmapped	Assigned	Unassigned_MultiMapping	Unassigned_NoFeatures	Unassigned_Ambiguity	Unassigned_Unmapped
bm001	Leaf	Q381	NA	1	TRUE	40669166	31086001	9530017	33493	19655	36532206	2051048	2066257	25991939	4768810	1444717	314934	2034309
bm002	Leaf	PHW65	NA	1	TRUE	32500547	27019815	5443470	25926	11336	29417069	1580646	1491496	22968019	3534555	1196051	285042	1412392
bm003	Leaf	PHN11	NA	1	TRUE	30895892	26501271	4360793	24524	9304	28455382	1390038	1041168	48963227	0	3233727	637609	2308949
bm004	Leaf	PHJ40	NA	1	TRUE	33788185	28269910	5478017	28129	12129	30549589	1548189	1678278	23905177	3636683	1350815	291053	1570117
bm005	Leaf	PHG83	NA	1	TRUE	32899288	27824183	5038150	26632	10323	30862681	1219089	807195	24363441	2700768	1410828	294126	909700
bm006	Leaf	PHG72	NA	1	TRUE	34337274	28310277	5980861	31888	14248	31025046	1710844	1587136	23862826	4037918	1418536	293286	1512882
bm007	Leaf	PHG50	NA	1	TRUE	32738829	27713766	4987489	26287	11287	30082185	1696274	949083	23771095	3973822	1385981	295993	1026261
bm008	Internode	LH156	NA	1	TRUE	39738168	34738248	4959619	30593	9708	36726249	1654489	1347722	30000526	3850842	1750173	370305	1344861
bm009	Seedling	LH85	NA	1	TRUE	36429270	30090129	6295038	31762	12341	32941302	2117925	1357702	25158798	4967324	1613425	377276	1415484
bm010	Leaf	AS5707	NA	1	TRUE	36114044	31192625	4878285	30928	12206	32801652	1867446	1432740	26628785	4295610	1363866	339966	1449077
bm011	Endosperm	LH85	NA	1	TRUE	31623557	18432840	13150641	18621	21455	26181841	3848961	1571300	36752405	0	3536598	833556	3372077
bm012	Leaf	PHG47	NA	1	TRUE	37183997	30473469	6671067	28046	11415	33995183	1769846	1407553	25971412	4245196	1490223	333581	1367189
bm013	Leaf	PHG39	NA	1	TRUE	35313178	28254883	6994714	43246	20335	31493121	1695077	2104645	23411925	3977852	1419960	308091	1926854
bm014	Leaf	PHG35	NA	1	TRUE	42208224	35335877	6822720	35003	14624	38711931	2138706	1342963	65993016	0	4187927	912240	2935176
bm015	Endosperm	LH156	NA	1	TRUE	34675959	26368210	8257935	32752	17062	29905907	3108514	1644476	20572080	7967650	1540003	618432	1479261
bm016	Leaf	PHG29	NA	1	TRUE	41542142	35746527	5748149	34817	12649	37712763	1983065	1833665	30530848	4499213	1559391	344344	1862452
bm017	Leaf	PHB47	NA	1	TRUE	35658541	30812023	4808238	28535	9745	32983028	1580032	1085736	26629793	3672187	1515737	334732	1123472
bm018	Leaf	PH207	NA	1	TRUE	29481780	24654211	4794602	23404	9563	26742219	1450324	1279674	20824029	3461197	1269598	259404	1265855
bm019	Leaf	Oh43	NA	1	TRUE	32509709	22368994	10102764	21365	16586	29635983	1607273	1249867	19104265	3805222	953080	247705	1102791
bm020	Leaf	Ny821	NA	1	TRUE	28612453	25238824	3338285	27297	8047	25814914	1526743	1262749	20970410	3713553	1559676	241513	1280499
bm021	Leaf	NKS8326	NA	1	TRUE	34223094	26124542	8060831	25001	12720	31226910	1669849	1313615	22252585	3956584	1236164	286163	1255761
bm022	Leaf	NKH8431	NA	1	TRUE	34902482	29576116	5285482	29909	10975	32398289	1260881	1232337	25638057	2903623	1451639	319790	1233940
bm023	Leaf	NC230	NA	1	TRUE	30012105	25020390	4956706	24721	10288	27482555	1505349	1013913	21444211	3464210	1165533	277815	992569
bm024	Leaf	MoG	NA	1	TRUE	31940076	27270716	4632633	26164	10563	28882656	1534213	1512644	22998670	3718611	1379672	260802	1472554
bm025	Leaf	Mo45	NA	1	TRUE	32504544	26966333	5498281	27977	11953	29707122	1625186	1160283	23086140	3615931	1210324	311938	1184080
bm026	Endosperm	LH145	NA	1	TRUE	32093214	24459775	7592626	26687	14126	27951130	3309532	818426	43414791	0	4539466	1332639	2114184
bm027	Leaf	Mo17	NA	1	TRUE	35430095	30815473	4565938	35885	12799	31755668	1695857	1965771	25842879	4001027	1432847	346224	1861506
bm028	Leaf	LH93	NA	1	TRUE	29440695	20721135	8675459	26903	17198	26245944	1386886	1790667	41400444	0	2594218	637997	3355370
bm029	Leaf	LH85	NA	1	TRUE	27427428	20514650	6880169	22245	10364	25003827	1402933	1010304	17351244	3326691	1085718	211419	945624
bm030	Leaf	LH156	NA	1	TRUE	24908876	19148204	5728633	21708	10331	22184033	1207113	1507399	36204173	0	2474624	519074	2940392
bm031	Leaf	LH145	NA	1	TRUE	30224091	26080834	4106982	27274	9001	27803330	1418550	993210	22550844	3216179	1136395	275991	1047714
bm032	Leaf	LH123Ht	NA	1	TRUE	26257549	22833268	3390916	22404	10961	23677925	1201010	1367653	40970899	0	2684998	596139	2835580
bm033	Leaf	H99	NA	1	TRUE	27985568	23898025	4054768	23946	8829	25434005	1397092	1145643	20211270	3218508	1212750	242772	1194755
bm034	Leaf	DKHBA1	NA	1	TRUE	27731396	23265559	4426753	28024	11060	25087700	1302960	1329676	19804850	2936967	989820	255338	1249920
bm035	Leaf	DKFAPW	NA	1	TRUE	31398402	26038631	5319183	27509	13079	29011771	1453403	920149	22632014	3360833	1107918	288873	928710
bm036	Leaf	CR1Ht	NA	1	TRUE	32808854	28318920	4451284	28225	10425	30128937	1537702	1131790	24457527	3546209	1214368	312619	1150398
bm037	Endosperm	LH123Ht	NA	1	TRUE	28927195	23754231	5141576	22017	9371	24641817	2859274	1416733	17924530	7725448	1904368	357070	1337098
bm038	Leaf	B84	NA	1	TRUE	30232546	21945322	8251882	22784	12558	26967518	1320468	1932002	18224239	3097948	1109284	243512	1565840
bm039	Leaf	B73	NA	1	TRUE	30743613	26718385	3990645	25593	8990	29001389	1104695	628539	23558313	2418418	1317089	301162	739776
bm040	Leaf	AS5707	NA	2	TRUE	33183346	24933557	8205851	27636	16302	29684746	1771304	1710994	21013610	4088386	987685	299349	1470941
bm041	Internode	W64A	NA	1	TRUE	29758820	26198510	3520189	29275	10846	27697040	1205502	845432	22814392	2685979	1195819	376890	867455
bm042	Internode	Q381	NA	1	TRUE	33608281	29792334	3770448	33843	11656	31076730	1337169	1182726	25810661	3051083	1361321	382687	1196150
bm043	Internode	PHW65	NA	1	TRUE	37661061	32123775	5488889	35868	12529	34959380	1528103	1161049	27947858	3570869	1467134	389836	1116824
bm044	Internode	PHN11	NA	1	TRUE	37890420	31694842	6142369	37549	15660	34775853	1513824	1585083	59518374	0	3160982	1202450	3253017
bm045	Internode	PHJ40	NA	1	TRUE	35085676	30663104	4376199	35498	10875	32257991	1401660	1415150	26364061	3183925	1491010	344311	1385040
bm046	Internode	PHG83	NA	1	TRUE	31248901	27063877	4147724	28385	8915	29652411	879880	707695	24066794	2072164	1264196	319590	750886
bm047	Internode	PHG72	NA	1	TRUE	32156734	25064433	7051161	28224	12916	29280026	1281002	1582790	21388929	2982866	1138803	303846	1363888
bm048	Endosperm	H99	NA	1	TRUE	27794321	22898342	4867689	19273	9017	24567971	2326820	890513	17617062	5955922	2041993	531499	916215
bm049	Internode	PHG50	NA	1	TRUE	35016881	30495926	4473146	36060	11749	32391678	1482864	1130590	26287624	3320263	1530039	386063	1174176
bm050	Internode	PHG47	NA	1	TRUE	34499118	30104984	4351018	31725	11391	31786530	1280823	1420374	26082325	3051549	1304255	323745	1364461
bm051	Internode	PHG39	NA	1	TRUE	34647370	29242531	5362326	31245	11268	32153661	1362579	1119862	25404997	3235749	1347804	345750	1098273
bm052	Internode	PHG35	NA	1	TRUE	35782570	30603958	5132666	34063	11883	32908590	1345321	1516776	26396818	3190733	1407338	347558	1401350
bm053	Internode	PHG29	NA	1	TRUE	32810906	27837154	4934172	28140	11440	30382435	1321482	1095549	24193845	3064180	1198901	358254	1073534
bm054	Internode	PHB47	NA	1	TRUE	30801158	20804599	9968161	17577	10821	28570050	1206451	1013836	18078819	2965758	890537	248475	876616
bm055	Internode	PH207	NA	1	TRUE	30836724	25516357	5285431	25262	9674	28020257	1343404	1463389	21674219	3021696	1190281	308066	1423647
bm056	Internode	Oh43	NA	1	TRUE	26453027	18242487	8178323	19044	13173	24306410	1091210	1042234	15705132	2664152	801118	213125	857881
bm057	Internode	Ny821	NA	1	TRUE	25935592	21925391	3976730	23509	9962	23515156	1004412	1406062	18626464	2379417	941042	285598	1291632
bm058	Internode	NKS8326	NA	1	TRUE	30831291	25913219	4872747	32134	13191	28431026	1206401	1180673	22439381	2754745	1075284	337245	1156583
bm059	Endosperm	DKFAPW	NA	1	TRUE	27917967	22203203	5667172	32964	14628	23710030	2617507	1575802	16291195	8266647	1907423	576341	1404253
bm060	Internode	NKH8431	NA	1	TRUE	30125288	25582396	4506964	25937	9991	27979499	734149	1401649	22371216	1707662	1028082	331219	1300059
bm061	Internode	NC230	NA	1	TRUE	37364611	32001573	5317530	34099	11409	34052609	1471673	1828920	27323023	3546745	1458063	339222	1733326
bm062	Internode	MoG	NA	1	TRUE	33480982	27837362	5574621	46774	22225	30123983	1331432	2003342	51059600	0	3313111	771863	3950226
bm063	Internode	Mo45	NA	1	TRUE	31829668	26508191	5279098	28111	14268	29094770	1291438	1429192	22726318	3034987	1182910	292484	1365144
bm064	Internode	Mo17	NA	1	TRUE	33589501	24007553	9544545	23239	14164	30806326	1453162	1315849	20402903	3500957	1275245	261217	1199032
bm065	Internode	LH93	NA	1	TRUE	30595902	25666351	4892330	27710	9511	28208276	1198704	1179411	22153349	2944543	1213554	262268	1114596
bm066	Internode	LH85	NA	1	TRUE	32677542	28164704	4469248	31895	11695	30087626	1335932	1242289	24366128	3005795	1223532	314903	1254140
bm067	Internode	LH156	NA	2	TRUE	32075670	27042172	4990504	31236	11758	29205880	1345878	1512154	22836484	3234987	1435138	279765	1470605
bm068	Internode	LH145	NA	1	TRUE	36256765	24964721	11251940	24657	15447	33616376	1394486	1230456	21646668	3339712	1123196	262634	1129089
bm069	Internode	LH123Ht	NA	1	TRUE	26692127	22622155	4035770	24529	9673	24408935	1027132	1246387	19411819	2373400	988323	280084	1157336
bm070	Endosperm	CR1Ht	NA	1	TRUE	32981925	27496719	5449602	24624	10980	29647717	2428795	894433	22751955	6813634	1632322	292108	930767
bm071	Internode	H99	NA	1	TRUE	35700794	29663636	5995884	30388	10886	32999531	1402163	1288214	25640716	3337455	1396735	331299	1250140
bm072	Internode	DKHBA1	NA	1	TRUE	34292605	28689734	5557690	32607	12574	31629059	1389714	1261258	24486703	3467197	1616729	309826	1190093
bm073	Internode	DKFAPW	NA	1	TRUE	32105665	26683108	5385648	26731	10178	29541378	1186103	1368006	50276033	0	3088106	642756	2819678
bm074	Internode	CR1Ht	NA	1	TRUE	26920219	23008642	3877386	24838	9353	24665021	1035905	1209940	42371486	0	2763920	544227	2525582
bm075	Internode	B84	NA	1	TRUE	31357580	26868733	4446595	30360	11892	28393121	1075927	1876640	22816683	2525331	1211971	296534	1712995
bm076	Internode	B73	NA	1	TRUE	32406352	27293923	5074703	27504	10222	30912752	894205	589173	24443578	2038716	1248084	322827	655077
bm077	Internode	AS5707	NA	1	TRUE	33199808	26285268	6875363	27443	11734	30046511	1382880	1758683	22282803	3272101	1181547	325208	1510371
bm078	Endosperm	W64A	NA	1	TRUE	28824112	24114607	4678275	22850	8380	25006967	3118016	690749	18348897	8315892	1855995	703229	801983
bm079	Endosperm	Q381	NA	1	TRUE	31817777	25920248	5861245	25409	10875	27677400	2997646	1131856	19901067	7685103	2333269	325030	1126958
bm080	Endosperm	PHW65	NA	1	TRUE	28852207	24212357	4609555	21976	8319	24451781	3290222	1101885	17750549	9021066	2308614	442980	1066435
bm081	Endosperm	B84	NA	1	TRUE	27952636	22226255	5685633	28122	12626	24680053	1984778	1275179	17768384	5247413	1345545	440836	1272077
bm082	Endosperm	PHN11	NA	1	TRUE	29940387	25538137	4375787	19492	6971	26419132	2795786	718498	19807719	7183836	2391555	324453	761290
bm083	Endosperm	PHJ40	NA	1	TRUE	25941593	22234211	3683381	17608	6393	22589774	2195021	1150405	17738405	5527555	1052881	579662	1125984
bm084	Endosperm	PHG83	NA	1	TRUE	35974714	25602640	10337591	21611	12872	32678094	2526559	757189	20950604	7048626	1737748	561195	792152
bm085	Endosperm	PHG72	NA	1	TRUE	32258441	27025161	5203110	21073	9097	28857218	2321140	1070986	47998518	0	4371137	664225	2270458
bm086	Endosperm	PHG50	NA	1	TRUE	32831485	26557823	6236925	25857	10880	29566670	2017741	1236194	22319606	5596526	1249081	268562	1219686
bm087	Endosperm	PHG47	NA	1	TRUE	34479379	24915156	9515137	31089	17997	29381654	3419625	1660103	19228666	9262972	1561283	385373	1423177
bm088	Endosperm	PHG39	NA	1	TRUE	41837308	29672760	12086424	50257	27867	36932171	3259256	1618014	23770601	9032105	1753455	506753	1510687
bm089	Endosperm	PHG29	NA	1	TRUE	36261925	29596554	6623213	28737	13421	32284860	2609496	1354148	23930132	6828419	2002180	327518	1282117
bm090	Endosperm	PHB47	NA	1	TRUE	35080995	27664461	7372484	29669	14381	30499005	3611245	956364	21507412	11743643	1833228	639198	1006390
bm091	Endosperm	B73	NA	1	TRUE	30349394	24383193	5936078	19878	10245	28428559	1389594	520996	21172474	3424144	1224166	414625	595399
bm092	Endosperm	PH207	NA	1	TRUE	43591504	35874752	7660720	38630	17402	37498931	4376483	1698688	26790001	11278618	3595347	460181	1620971
bm093	Endosperm	Oh43	NA	1	TRUE	27682647	19350959	8298743	20101	12844	23907262	2965356	797185	14660991	9018217	1627713	320063	734413
bm094	Endosperm	Ny821	NA	1	TRUE	34055158	28584454	5425317	32430	12957	29396442	3167082	1478677	22274718	9279457	2110689	266554	1454803
bm095	Endosperm	NKS8326	NA	1	TRUE	30944802	24814024	6091458	26721	12599	28008894	2071404	851905	20752157	5010202	1146855	517211	893835
bm096	Endosperm	NKH8431	NA	1	TRUE	36059349	27548882	8441007	31886	37574	30932415	2959012	2130348	48378356	0	4640706	1402677	4414948
bm097	Endosperm	NC230	NA	1	TRUE	31230413	25868177	5311250	34440	16546	28080404	1727134	1406329	21717653	5006085	1109198	344571	1314031
bm098	Endosperm	MoG	NA	1	TRUE	30992017	26341825	4613748	26559	9885	27707113	2432642	842377	21678807	7240083	1583412	233125	925514
bm099	Endosperm	Mo45	NA	1	TRUE	32786568	26632242	6109145	31002	14179	28006954	3327797	1437638	19831076	8556251	2548861	354033	1363282
bm100	Endosperm	Mo17	NA	1	TRUE	36395847	30589886	5763300	30883	11778	33098387	2358063	927619	25545727	5666673	1634290	612038	1007128
bm101	Endosperm	LH93	NA	1	TRUE	30648287	25767481	4835727	31677	13402	26800490	2286223	1548172	20362422	6133896	1807957	319156	1451080
bm102	Endosperm	PHG35	NA	1	TRUE	33781248	27351043	6392338	25965	11902	30936411	1852476	980459	23616758	4556828	1145665	238054	1037023
bm103	Seedling	LH123Ht	NA	1	TRUE	38875284	31432889	7388545	37060	16790	34568968	2262413	2027113	57043856	0	4418574	980113	4212807
bm104	Root	W64A	NA	1	TRUE	33282102	28211263	5030247	29453	11139	29140265	1741400	2389298	47909014	0	5082948	839858	4919941
bm105	Root	Q381	NA	1	TRUE	28434279	22633226	5762275	27256	11522	25241988	1627855	1552914	17817832	4031243	1898471	308076	1509392
bm106	Root	PHW65	NA	1	TRUE	29004431	23663217	5292341	33157	15716	24198024	1448820	3341871	17794587	3291051	1612156	278147	2962840
bm107	Root	PHN11	NA	1	TRUE	31103218	25567387	5493244	29532	13055	27727513	1681862	1680788	20413313	4093222	1956724	364934	1631526
bm108	Root	PHJ40	NA	1	TRUE	32746913	27103045	5600667	26907	16294	27518270	1660166	3552183	20664136	3850102	1776561	291840	3222781
bm109	Root	PHG83	NA	1	TRUE	34366589	29615493	4699596	35346	16154	31362845	1537611	1449979	53323073	0	4141938	878322	3186380
bm110	Root	PHG72	NA	1	TRUE	31833991	27198838	4573076	44375	17702	27294366	1511974	3009949	20933213	3752571	2016297	332918	2763175
bm111	Root	PHG50	NA	1	TRUE	33357741	26831829	6462818	39897	23197	29869990	1663911	1800643	48809924	0	4081179	950462	3781176
bm112	Root	PHG47	NA	1	TRUE	30551360	25066495	5447974	26585	10306	27632892	1530808	1377354	20487805	3724275	1793397	343677	1324613
bm113	Root	PHG39	NA	1	TRUE	32475622	28234793	4192931	35457	12441	28706815	1385726	2370640	23083394	3249545	1536659	320889	2242208
bm114	Root	PHG35	NA	1	TRUE	32184377	26617832	5528587	27758	10200	29334097	1531185	1308895	21997303	3730281	1905293	326682	1255086
bm115	Root	PHG29	NA	1	TRUE	36259245	29699188	6515856	31330	12871	31204990	1700564	3340820	23169184	4149573	1985365	382693	2929138
bm116	Root	PHB47	NA	1	TRUE	22990459	16878315	6088401	14630	9113	21079074	1036151	866121	33190818	0	2779700	536453	1780072
bm117	Root	PH207	NA	1	TRUE	26061840	21365594	4604789	55804	35653	17243540	1228711	7553936	12762504	2494768	1006542	243602	6626325
bm118	Root	Oh43	NA	1	TRUE	22073177	18543240	3495151	22997	11789	19620256	1198120	1243012	14950006	2751495	1247794	232488	1229531
bm119	Root	Ny821	NA	1	TRUE	30666992	25100425	5513738	34220	18609	25631417	1600547	3416419	18895829	3833544	1744407	285575	3052011
bm120	Root	NKS8326	NA	1	TRUE	24884202	20667707	4181431	24145	10919	20333166	1104042	3436075	15378397	2640570	1225289	227409	3027920
bm121	Root	NKH8431	NA	1	TRUE	24954924	21104252	3825212	18333	7127	22484331	1370295	1093171	17288651	2870493	1406882	277245	1323175
bm122	Root	NC230	NA	1	TRUE	29103668	25620244	3443231	29941	10252	25284458	1278838	2530120	43503353	0	3396090	646027	5064171
bm123	Root	MoG	NA	1	TRUE	35387512	28301537	7028937	39704	17334	31633467	1899442	1837269	22724735	4535875	2153139	353614	1740450
bm124	Root	Mo45	NA	1	TRUE	30168200	23266616	6825164	50162	26258	21220598	1385136	7536208	14631444	3082773	1265193	230172	6278690
bm125	Root	Mo44	NA	1	TRUE	33004557	27556171	5392164	38591	17631	29478545	1821014	1687367	22129142	4345201	2045536	383576	1679277
bm126	Root	Mo17	NA	1	TRUE	31774110	28155440	3563622	40206	14842	27957787	1406685	2394796	22861599	3355572	1565246	342195	2265216
bm127	Root	LH93	NA	1	TRUE	36122091	28975055	7092972	35925	18139	32141843	2040007	1922102	23241956	4736434	2082759	371745	1900799
bm128	Root	LH85	NA	1	TRUE	31481756	26044504	5388078	34349	14825	27940964	1825563	1700404	45300496	0	4888154	785744	3909070
bm129	Root	LH156	NA	1	TRUE	31606270	26397440	5153538	37726	17566	25614152	1574702	4399850	42139034	0	4109395	719641	8648191
bm130	Root	LH145	NA	1	TRUE	31612063	26589670	4981687	29463	11243	28939008	1427941	1233871	48140746	0	4315027	794184	2720442
bm131	Root	LH123Ht	NA	1	TRUE	32877109	26422502	6394485	40023	20099	25676675	1509557	5670778	18690990	3424731	1529314	304258	4889006
bm132	Root	H99	NA	1	TRUE	27070293	22253549	4767424	34256	15064	24395049	1310537	1349643	18011012	2845609	1674298	290655	1448720
bm133	Root	DKHBA1	NA	1	TRUE	31096863	24098439	6929670	44586	24168	19928656	1296008	9848031	13554177	2882545	1295059	238280	8217353
bm134	Root	DKFAPW	NA	1	TRUE	28995921	22813024	6144805	26243	11849	25935396	1561320	1487356	18429215	3330981	1561072	322153	1563430
bm135	Root	CR1Ht	NA	1	TRUE	29430229	23778438	5564642	63169	23980	19223028	1283326	8899895	31180035	0	2914418	527224	16841389
bm136	Root	B84	NA	1	TRUE	27661964	22177948	5450902	22945	10169	22661847	1317681	3672267	36204878	0	3908744	670683	6947720
bm137	Root	B73	NA	1	TRUE	30748861	23566815	7145589	24176	12281	28764311	1075845	896424	45155343	0	4656382	889416	2294484
bm138	Root	AS5707	NA	1	TRUE	30841788	23913138	6875781	37633	15236	22540006	1522841	6763705	35262512	0	3996770	664912	12614140
bm139	Seedling	W64A	NA	1	TRUE	33264994	28217245	5007223	28744	11782	30133443	1716410	1403359	23772362	4077423	1344409	371999	1421059
bm140	Seedling	Q381	NA	1	TRUE	35464621	30337355	5083438	32613	11215	31714654	1698212	2040540	25066895	4152818	1685379	361029	1909214
bm141	Seedling	PHW65	NA	1	TRUE	38907323	33071121	5782264	37622	16316	35487663	2037702	1365642	28243912	4657398	1471458	396286	1409992
bm142	Seedling	PHN11	NA	1	TRUE	35886940	29568311	6273432	32571	12626	31911742	1763656	2198916	24335192	4211813	1491854	408709	2020886
bm143	Seedling	PHJ40	NA	1	TRUE	36857394	31586565	5217247	38473	15109	33408001	1928212	1506072	26464974	4698770	1723218	372194	1498279
bm144	Seedling	PHG83	NA	1	TRUE	37724758	31675097	6002349	33222	14090	35333937	1514194	862537	27900089	3577638	1325056	388530	957519
bm145	Seedling	PHG72	NA	1	TRUE	34178817	28601300	5527043	35782	14692	30742115	1465811	1956199	24068302	3513970	1236539	357773	1810397
bm146	Seedling	PHG50	NA	1	TRUE	31513700	28032870	3438374	31480	10976	28938418	1464808	1099498	24111055	3416809	1249481	359076	1139690
bm147	Seedling	PHG47	NA	1	TRUE	39592340	30856102	8688344	29049	18845	35679055	1932397	1962043	25678496	4781756	1478810	333884	1765724
bm148	Seedling	PHG39	NA	1	TRUE	31620503	26460354	5120625	28503	11021	29115349	1498746	995387	22885803	3551834	1098066	344442	989974
bm149	Seedling	PHG35	NA	1	TRUE	35279891	29952072	5277542	36482	13795	31407165	1882309	1976622	24664421	4505865	1572896	368246	1915556
bm150	Seedling	PHG29	NA	1	TRUE	31422043	27137437	4244778	28991	10837	28590672	1396584	1423950	22974144	3402896	1328967	313398	1404248
bm151	Seedling	PHB47	NA	1	TRUE	38031885	32272433	5708757	35893	14802	34538196	1746952	1731935	59136694	0	3752068	918169	3634064
bm152	Seedling	PH207	NA	1	TRUE	30468094	26010962	4411830	32964	12338	27277508	1460904	1717344	21978263	3380163	942806	338072	1665578
bm153	Seedling	Oh43	NA	1	TRUE	30751615	26440145	4270576	29630	11264	28044354	1556053	1139944	22699725	3784445	1061122	308713	1144962
bm154	Seedling	Ny821	NA	1	TRUE	30751628	26483135	4226900	30299	11294	27397153	1457730	1885451	21970676	3440803	1247506	331388	1784335
bm155	Seedling	NKS8326	NA	1	TRUE	39360638	33464228	5850044	34056	12310	36102168	1959640	1286520	28691692	4676651	1567190	428029	1295451
bm156	Seedling	NKH8431	NA	1	TRUE	34183592	29399014	4738400	32839	13339	30936361	1624122	1609770	24929503	3560503	1264211	367057	1688479
bm157	Seedling	NC230	NA	1	TRUE	37361084	32429685	4877121	39689	14589	33833804	1805949	1706742	27559075	4112603	1342648	386957	1734021
bm158	Seedling	MoG	NA	1	TRUE	28670454	23752251	4880922	26987	10294	25564212	1553037	1542911	19882830	3701289	980728	304344	1432165
bm159	Seedling	Mo45	NA	1	TRUE	36858884	29579394	7225160	38799	15531	33496956	1886870	1459527	25170687	4346867	1244417	385628	1432810
bm160	Seedling	Mo44	NA	1	TRUE	28822411	24247547	4540373	24510	9981	26113509	1486856	1212065	43653909	0	3662710	716253	2512812
bm161	Seedling	Mo17	NA	1	TRUE	29398268	25334110	4026379	27003	10776	26277129	1318834	1791529	21446401	3032884	874531	313414	1679587
bm162	Seedling	LH93	NA	1	TRUE	34875590	29125799	5706380	30820	12591	32049424	1694292	1119283	25173301	3952243	1199735	372300	1095242
bm163	Seedling	LH85	NA	2	TRUE	39602121	32688368	6864190	35895	13668	35318278	2351052	1919123	26978004	5518070	1752056	394944	1892993
bm164	Seedling	LH156	NA	1	TRUE	29341696	25233597	4077013	22727	8359	26570538	1775485	987314	21295665	4068469	1210880	320879	1110308
bm165	Seedling	LH145	NA	1	TRUE	31260105	25326613	5886478	33183	13831	27137393	1687070	2421811	20328069	4041655	1197044	341898	2210913
bm166	Seedling	LH123Ht	NA	2	TRUE	29543576	23993892	5505227	30606	13851	26522151	1808138	1199436	20000904	4571960	1125919	338273	1216881
bm167	Seedling	H99	NA	1	TRUE	36592194	29408733	7133516	33658	16287	32321603	2166701	2087603	24061369	5041486	1470975	372832	1976557
bm168	Seedling	DKHBA1	NA	1	TRUE	33869104	27767371	6060864	29165	11704	30360698	1586424	1910278	50644280	0	3678786	887430	3812950
bm169	Seedling	DKFAPW	NA	1	TRUE	31343656	24205117	7087688	33832	17019	28199612	1660535	1466489	45678890	0	3355093	811094	2999637
bm170	Seedling	CR1Ht	NA	1	TRUE	32213416	27104044	5070570	28745	10057	28675316	1737334	1790709	22389501	4149182	1392514	330527	1692163
bm171	Seedling	B84	NA	1	TRUE	30954373	23723964	7194484	25593	10332	28268449	1556363	1119229	45357422	0	3566594	895041	2356302
bm172	Seedling	B73	NA	1	TRUE	26282240	20441946	5796959	28264	15071	23723032	997799	1546338	17086943	2366413	954321	296311	1441708
bm173	Seedling	AS5707	NA	1	TRUE	31304444	24775431	6475662	35002	18349	27630483	1944939	1710673	19933695	4676507	1395659	325955	1635183
bm174	Leaf	W64A	NA	1	TRUE	32854866	28199881	4608218	33709	13058	29327186	1686276	1828346	23510474	3820108	1324929	291657	1808037
bm175	Endosperm	B73xMo17	NA	1	FALSE	32970991	29020753	3906209	33231	10798	30225116	2027595	707482	24020515	4842143	1979466	601530	841982
bm176	Endosperm	B73xPH207	NA	1	FALSE	28887701	25901327	2958832	19360	8182	26022641	2374045	482833	20380598	5859948	2457968	495522	577904
bm177	Endosperm	B84xB73	NA	1	FALSE	32465196	29624305	2803060	26608	11223	29403304	2235632	815037	24179088	6281147	2121903	520674	848956
bm178	Internode	B84xB73	NA	1	FALSE	32191200	29515450	2637139	27074	11537	30551022	882525	746116	26455293	2079283	1205078	333162	747704
bm179	Seedling	B84xB73	NA	1	FALSE	35696553	32517167	3137295	30172	11919	33857563	1339057	488014	60838031	0	3008712	860248	1320415
bm180	Root	B84xB73	NA	1	FALSE	32491566	28539655	3903606	32490	15815	29228298	891095	2356358	24163554	1973079	1100982	369259	2238145
bm181	Leaf	B84xB73	NA	1	FALSE	39257361	33190160	6013839	38270	15092	36584334	1822150	835785	28452701	4188280	2143582	326186	1042275
bm182	Internode	B84xMo17	NA	1	FALSE	31638037	29059308	2540472	25883	12374	29686982	1200917	737764	52919087	0	3271619	742239	1976348
bm183	Root	B84xMo17	NA	1	FALSE	31747022	27114875	4581324	34447	16376	28150002	1156002	2424642	22554968	2634398	1094129	368057	2245942
bm184	Leaf	B84xMo17	NA	1	FALSE	33781421	28653438	5071851	40703	15429	30364275	1543898	1857819	24288001	3376317	1157995	291965	1822757
bm185	Endosperm	B84xMo17	NA	1	FALSE	39337092	34868956	4414427	41510	12199	34684965	3153889	1486039	27950016	7130103	2049775	687798	2054504
bm186	Seedling	B84xMo17	NA	1	FALSE	36804848	33365433	3361437	56298	21680	33075246	1648470	2059452	27927454	3886792	1632665	405342	2047796
bm187	Endosperm	B84xPH207	NA	1	FALSE	32912650	29540705	3325039	37152	9754	29342908	2650418	909570	23740693	6574398	2047403	515278	1242155
bm188	Endosperm	CR1HtxB73	NA	1	FALSE	34614989	30183284	4388020	34128	9557	31031675	2731692	842065	24542677	7197635	2074351	422563	1051478
bm189	Endosperm	CR1HtxMo17	NA	1	FALSE	25014328	22255610	2692890	27920	37908	22493436	1819143	663841	38262960	0	3518602	735762	1559034
bm190	Endosperm	CR1HtxPH207	NA	1	FALSE	33022449	28923240	4053273	35887	10049	29362641	2662553	987206	49408515	0	4837478	796269	2173242
bm191	Seedling	DKFAPWxB73	NA	1	FALSE	38506096	34482326	3970970	36236	16564	36137119	1464653	887760	30829292	3114656	1163817	383881	1021667
bm192	Internode	DKFAPWxB73	NA	1	FALSE	34198690	30933580	3229059	23657	12394	32487087	1016332	682877	27713781	2352230	1286024	320162	725395
bm193	Root	DKFAPWxB73	NA	1	FALSE	36506843	32485674	3978595	31678	10896	34569113	1135902	790932	29008875	2612060	1380221	364111	886661
bm194	Leaf	DKFAPWxB73	NA	1	FALSE	35125274	31465963	3604588	41536	13187	32433581	1707711	970795	26198552	4243225	2573317	280825	1104809
bm195	Endosperm	DKFAPWxB73	NA	1	FALSE	38757867	33735609	4972685	38544	11029	34955979	2801197	989662	27451607	8103193	2228916	727501	1100548
bm196	Internode	DKFAPWxMo17	NA	1	FALSE	28152074	25032695	3085114	24049	10216	26187631	1027481	926746	22101768	2305838	852896	318839	927892
bm197	Seedling	DKFAPWxMo17	NA	1	FALSE	34199354	30027013	4132094	27644	12603	31755816	1494218	936717	26170328	3574964	1373147	333932	946204
bm198	Root	DKFAPWxMo17	NA	1	FALSE	31127896	27194005	3857464	46324	30103	26306720	1321130	3469943	21186388	3135271	1453394	305152	3240393
bm199	Leaf	DKFAPWxMo17	NA	1	FALSE	33605843	29920122	3628368	42322	15031	30608572	1377445	1604795	25659327	3190869	1259445	312195	1565189
bm200	Endosperm	DKFAPWxMo17	NA	1	FALSE	38541013	34439363	4044577	43944	13129	34411724	3028676	1087484	27736204	8379301	2213174	750289	1312284
bm201	Endosperm	DKFAPWxPH207	NA	1	FALSE	34283432	31046318	3196003	28559	12552	30874069	2740790	656021	25364352	7853055	2094494	498031	747714
bm202	Seedling	H99xB73	NA	1	FALSE	38166275	33967337	4144305	37506	17127	35675401	1640121	833626	30227777	3384510	1166998	367474	1039329
bm203	Root	H99xB73	NA	1	FALSE	35366676	32223947	3096847	35024	10858	33366020	1132308	857490	28761234	2510497	1281159	351066	961155
bm204	Leaf	H99xB73	NA	1	FALSE	40618032	34757099	5788107	52455	20371	37296074	1848514	1453073	28923546	4874808	2595121	337499	1443561
bm205	Endosperm	H99xB73	NA	1	FALSE	29619581	26189209	3389297	31765	9310	26183168	2510159	916944	20066767	6308672	2365681	705341	1008249
bm206	Internode	H99xMo17	NA	1	FALSE	31572309	27802790	3728471	26678	14370	29264430	1365137	928372	24260518	2731021	1150601	333919	1098180
bm207	Seedling	H99xMo17	NA	1	FALSE	33926973	29824228	4065765	27399	9581	31159746	1823402	934244	25488210	4117977	1531653	379488	1017605
bm208	Root	H99xMo17	NA	1	FALSE	33351275	29162125	4140080	33461	15609	29712328	1460519	2162819	24058673	3408634	1573103	342891	2069361
bm209	Leaf	H99xMo17	NA	1	FALSE	32787466	27981017	4748074	40981	17394	29337914	1512220	1919938	23406934	3444148	1293580	278139	1881747
bm210	Endosperm	H99xMo17	NA	1	FALSE	37720918	33140169	4530320	37659	12770	33400212	3397486	910450	25522206	8482175	2947650	869433	1087055
bm211	Endosperm	H99xPH207	NA	1	FALSE	31999638	27584280	4369312	32728	13318	27833017	2794719	1358584	21088913	7133825	2287235	564171	1383740
bm212	Seedling	LH123HtxB73	NA	1	FALSE	36189496	33604858	2538537	33494	12607	34123619	1389558	663712	30250075	3085904	1054466	390941	760022
bm213	Root	LH123HtxB73	NA	1	FALSE	33517894	30222186	3251081	32702	11925	31627702	1051192	827075	56131970	0	3216065	780506	1882600
bm214	Leaf	LH123HtxB73	NA	1	FALSE	34866024	29690084	5119275	40505	16160	31813991	1707331	1328542	24885135	4012019	1839673	309639	1474359
bm215	Endosperm	LH123HtxB73	NA	1	FALSE	39354932	34096792	5207952	37049	13139	35549595	2854064	938134	27915403	7715385	2305847	547672	985673
bm216	Seedling	LH123HtxMo17	NA	1	FALSE	36892388	32697269	4144845	33843	16431	33858452	1617848	1399657	28443604	3712863	1215653	361758	1399831
bm217	Endosperm	LH123HtxMo17	NA	1	FALSE	40134958	36140895	3947361	33552	13150	35645173	3577698	898937	28733179	9518437	2762946	610895	939451
bm218	Internode	LH123HtxMo17	NA	1	FALSE	30012548	27276833	2710135	18367	7213	28154943	1085088	765304	50149807	0	2879898	724601	1642199
bm219	Leaf	LH123HtxMo17	NA	1	FALSE	42264150	37248942	4942841	53419	18948	38402447	1938034	1904721	31832811	4352227	1597143	392103	1969416
bm220	Root	LH123HtxMo17	NA	1	FALSE	31407652	28106197	3243059	39720	18676	27712115	1341257	2335604	22990119	3149852	1459575	331126	2251711
bm221	Endosperm	LH123HtxPH207	NA	1	FALSE	34285740	30996009	3244858	35397	9476	30345450	2844725	1086089	24811845	7518214	2181828	399497	1197220
bm222	Internode	LH145xB73	NA	1	FALSE	31409107	28973521	2404253	22548	8785	30025281	917329	457712	26191376	2008878	1178107	332753	557486
bm223	Seedling	LH145xB73	NA	1	FALSE	41367907	37426094	3894016	34320	13477	38991535	1656876	706019	33527344	3543453	1365835	400435	891435
bm224	Leaf	LH145xB73	NA	1	FALSE	30594145	26998656	3538823	41466	15200	28218849	1515790	844306	22699414	3543723	1926126	251910	995057
bm225	Root	LH145xB73	NA	1	FALSE	32835475	29713727	3071941	36141	13666	30846837	977040	997932	26375456	2172210	1139080	349938	1092596
bm226	Endosperm	LH145xB73	NA	1	FALSE	37093016	31960913	5079167	39932	13004	32305734	3863800	910478	24605805	10733946	2235957	947319	1069346
bm227	Endosperm	LH145xMo17	NA	1	FALSE	44439311	37228435	7133619	53687	23570	38485262	4489838	1440641	28630766	11980885	2523191	1025100	1720640
bm228	Endosperm	LH145xMo17	NA	2	FALSE	25515030	18643824	6801489	39940	29777	21062377	2119141	2303735	14036140	4819847	944358	273139	2226124
bm229	Endosperm	LH145xPH207	NA	1	FALSE	30668615	25713802	4903404	35601	15808	26792447	2781665	1078695	20249137	7268411	1709444	464482	1201731
bm230	Seedling	LH156xB73	NA	1	FALSE	34298717	31407052	2843563	33533	14569	32166540	1284169	833439	27987130	2853314	1123728	333734	925154
bm231	Leaf	LH156xB73	NA	1	FALSE	34849745	29989071	4801711	42400	16563	31022186	1824265	1986731	23964122	4448763	2412103	287688	2031611
bm232	Root	LH156xB73	NA	1	FALSE	37562439	32986348	4530504	32304	13283	35444278	1290468	814410	29365637	2922310	1357843	392888	924813
bm233	Endosperm	LH156xB73	NA	1	FALSE	51677726	46565647	5033811	62083	16185	46226179	4136113	1299249	38252042	8066780	2509702	890373	2297700
bm234	Endosperm	LH156xB73	NA	2	FALSE	50246340	44881709	5291264	57527	15840	45449367	3293332	1487801	37356558	7570839	2405058	825338	1810363
bm235	Seedling	LH156xMo17	NA	1	FALSE	37837439	30456557	7334857	28137	17888	34390575	1911957	1517019	25247027	4681760	1843237	364711	1343843
bm236	Leaf	LH156xMo17	NA	1	FALSE	33725194	29909283	3759534	42687	13690	31040276	1702574	968654	25998722	3583830	1201193	316888	1171455
bm237	Internode	LH156xMo17	NA	1	FALSE	37335021	33371891	3891999	56953	14178	34573804	1620033	1127006	29014846	3394054	1499738	372614	1285994
bm238	Internode	LH156xMo17	NA	2	FALSE	41294371	36134212	5078433	57172	24554	37124316	2143182	2002319	64500357	0	4172022	917130	5163422
bm239	Root	LH156xMo17	NA	1	FALSE	32709943	27609560	5044297	42187	13899	29573837	1619582	1502625	23213159	3601750	1336004	336205	1587368
bm240	Root	LH156xMo17	NA	2	FALSE	27632625	22943638	4644806	31325	12856	24845646	1298420	1475703	41907246	0	2889671	640921	3113182
bm241	Endosperm	LH156xMo17	NA	1	FALSE	46781355	41012023	5699262	52191	17879	41998017	3480677	1284782	34054256	8251767	2018326	772426	1506207
bm242	Internode	LH85xB73	NA	1	FALSE	33016532	29954032	3015102	33774	13624	31055652	1019400	927856	26647941	2314729	1192136	327382	959686
bm243	Seedling	LH85xB73	NA	1	FALSE	33431645	29590480	3794705	31249	15211	31337248	1412429	666757	26383168	2988593	1005794	340651	832550
bm244	Leaf	LH85xB73	NA	1	FALSE	35756130	31678726	4015712	45591	16101	31989449	1730171	2020409	25175282	4580253	2849733	291092	2007842
bm245	Root	LH85xB73	NA	1	FALSE	39893312	35610227	4223808	43496	15781	36670757	1351763	1855011	30861637	3090178	1482937	376461	1889180
bm246	Endosperm	LH85xB73	NA	1	FALSE	36973456	32777032	4136984	43996	15444	32080545	3771991	1105476	25495962	9776752	2267289	653151	1180422
bm247	Endosperm	LH85xMo17	NA	1	FALSE	43218961	38494363	4651594	55265	17739	37987553	3621080	1592589	31134027	9279348	2093709	584341	1689284
bm248	Endosperm	LH85xPH207	NA	1	FALSE	44278389	37017384	7192024	48849	20132	39449099	3719142	1090016	30519411	9176212	1966869	530117	1315296
bm249	Internode	LH93xB73	NA	1	FALSE	31461588	27215843	4212236	21715	11794	29660676	939803	849315	24268338	2188728	1061082	327349	819629
bm250	Seedling	LH93xB73	NA	1	FALSE	35848387	31916003	3890546	31121	10717	33807969	1399957	629744	28644153	2981480	1095855	371381	755492
bm251	Leaf	LH93xB73	NA	1	FALSE	28397969	24646020	3700438	36569	14942	26111716	1226844	1044467	20516770	3119246	1843687	248692	1075388
bm252	Root	LH93xB73	NA	1	FALSE	33214821	29904308	3269522	30391	10600	30723062	1490840	990319	54377008	0	3289537	706954	2146610
bm253	Endosperm	LH93xB73	NA	1	FALSE	39523877	33441192	6003191	53242	26252	34212584	3825709	1459332	25049919	9111892	3347034	560866	1817127
bm254	Seedling	LH93xMo17	NA	1	FALSE	41835290	37616427	4164770	40227	13866	38910444	1885401	1025579	69263007	0	3708696	942804	2492492
bm255	Leaf	LH93xMo17	NA	1	FALSE	33025776	29382948	3589353	39209	14266	29855799	1387970	1767741	24298347	3454079	1975994	268202	1740850
bm256	Root	LH93xMo17	NA	1	FALSE	31734254	28336858	3345989	34890	16517	27908155	1300293	2509289	23212128	3024866	1356517	318208	2401365
bm257	Endosperm	LH93xMo17	NA	1	FALSE	24503442	21591685	2866543	24054	21160	21663514	2223049	595719	16767376	5813144	1938239	390893	695806
bm258	Internode	LH93xMo17	NA	1	FALSE	33002364	28618606	4337098	32530	14130	30677567	1286089	1024578	25042887	2972180	1264193	296587	1048872
bm259	Endosperm	LH93xPH207	NA	1	FALSE	45458536	39786083	5604348	48900	19205	38634133	5323907	1481291	28840574	13508888	4347542	574962	1916144
bm260	Internode	Mo17xB73	NA	1	FALSE	29457684	26944299	2483692	21048	8645	27984652	943810	520577	24095948	2138193	1201812	298631	584997
bm261	Seedling	Mo17xB73	NA	1	FALSE	36122889	31931922	4134919	38017	18031	33946879	1468831	689148	28601530	3157704	1035526	381127	823271
bm262	Leaf	Mo17xB73	NA	1	FALSE	33134974	28199158	4887981	32231	15604	29460156	1557824	2101390	22831212	3875377	1915351	278010	2039650
bm263	Root	Mo17xB73	NA	1	FALSE	37760827	34196569	3512617	39472	12169	35579047	1206915	962696	30411539	2733249	1400644	384902	1057172
bm264	Endosperm	Mo17xB73	NA	1	FALSE	45850442	41198899	4567881	64639	19023	40946195	3542334	1342890	33249303	7339857	2521655	979264	1918297
bm265	Endosperm	Mo17xB73	NA	2	FALSE	34822028	31671903	3076705	49029	24391	30031787	3384286	1381564	24684040	5435457	1973384	666237	2522809
bm266	Seedling	Mo17xOh43	NA	1	FALSE	33601217	29041795	4511113	33141	15168	30095728	1764394	1725927	24256927	4042058	1397815	346438	1729685
bm267	Leaf	Mo17xOh43	NA	1	FALSE	35951207	31272607	4620752	41770	16078	32934603	1842351	1158175	26918799	4079690	1395099	307220	1329613
bm268	Root	Mo17xOh43	NA	1	FALSE	34041994	30266218	3712001	42493	21282	29370947	1516899	3132866	24069749	3592510	1625888	354084	3002393
bm269	Internode	Mo17xOh43	NA	1	FALSE	37081792	32354709	4671407	40691	14985	33529963	2258795	1278049	27159474	3767081	1681950	403570	1971709
bm270	Endosperm	Mo17xPH207	NA	1	FALSE	29672060	26171628	3467948	22296	10188	26082105	2741168	838599	20211162	6959151	2392683	406182	849169
bm271	Internode	Mo17xPH207	NA	1	FALSE	33110532	29317445	3754302	24212	14573	30960099	1187902	947958	25803686	2745673	1218536	330248	916101
bm272	Seedling	Mo17xPH207	NA	1	FALSE	28857821	25863419	2956680	26927	10795	26651728	1330560	864738	22310365	3171348	1288713	297956	873671
bm273	Leaf	Mo17xPH207	NA	1	FALSE	31927512	27568283	4312966	33662	12601	28906888	1474286	1533737	23373483	3437189	1294684	271003	1533109
bm274	Root	Mo17xPH207	NA	1	FALSE	31611734	27033822	4534592	29103	14217	28500899	1575818	1520800	47389278	0	4633145	809010	3243289
bm275	Seedling	Mo17xPHG29	NA	1	FALSE	30209422	26498041	3675876	23309	12196	27082642	1478634	1635950	22179340	3334646	1215223	316363	1678146
bm276	Internode	Mo17xPHG29	NA	1	FALSE	28874120	26848591	1993505	22292	9732	27156597	1019721	688070	48770895	0	2905855	716191	1531644
bm277	Root	Mo17xPHG29	NA	1	FALSE	32747715	29320476	3377983	34983	14273	28760681	1462349	2510412	23635488	3624921	1744992	342585	2404783
bm278	Leaf	Mo17xPHG29	NA	1	FALSE	38922022	33381839	5468101	54375	17707	34188777	3275597	1439941	27577551	5677310	1425312	326975	2459380
bm279	Leaf	Mo17xPHG29	NA	2	FALSE	39418878	33705053	5639307	56172	18346	35750499	1890856	1759177	28786086	4218967	1388737	344476	1824474
bm280	Seedling	Mo44xB73	NA	1	FALSE	32510588	29303574	3161626	32945	12443	30485341	1331546	681258	26149027	2900979	978317	350321	773330
bm281	Leaf	Mo44xB73	NA	1	FALSE	34237192	29892731	4294893	35018	14550	31571501	1490623	1160518	25272174	3629287	1949158	296816	1227708
bm282	Root	Mo44xB73	NA	1	FALSE	32124037	27246877	4834088	29291	13781	29548749	1015192	1546315	23715676	2234387	1006360	320380	1498124
bm283	Internode	Mo44xB73	NA	1	FALSE	39869292	35413108	4395061	41293	19830	36673963	1341834	1833665	30642204	2897228	1508493	436689	1858292
bm284	Seedling	Mo44xMo17	NA	1	FALSE	32876815	30170499	2660002	31361	14953	29948980	1680872	1232010	25914442	3665065	1266671	315898	1386957
bm285	Internode	Mo44xMo17	NA	1	FALSE	31350230	28652758	2660945	25419	11108	29260506	1260798	817818	25050946	2860075	1353602	330473	891931
bm286	Root	Mo44xMo17	NA	1	FALSE	36964631	32546879	4359950	40430	17372	33866604	1724445	1356210	27635926	3860249	1767204	391796	1486330
bm287	Leaf	Mo44xMo17	NA	1	FALSE	33815339	28258851	5495655	44385	16448	30337973	1771739	1689179	23891330	3727822	1093084	292355	1807832
bm288	Leaf	Mo44xMo17	NA	2	FALSE	38829631	33602841	5156354	53839	16597	35741908	1793061	1278065	29184602	4042845	1355032	350136	1348502
bm289	Internode	Mo45xB73	NA	1	FALSE	32794931	30007883	2747164	28236	11648	30840082	1077249	865952	26580060	2319177	1287925	353495	957122
bm290	Seedling	Mo45xB73	NA	1	FALSE	35650357	31635066	3968623	32324	14344	33380860	1412109	843044	28255357	2956270	1007678	366584	976491
bm291	Leaf	Mo45xB73	NA	1	FALSE	31697155	28099393	3554418	32104	11240	28548830	1504655	1632430	23273086	3291474	1749945	278974	1769521
bm292	Root	Mo45xB73	NA	1	FALSE	33306112	30134240	3121527	35518	14827	30842479	1085140	1363666	54886410	0	3083307	765032	2931473
bm293	Endosperm	Mo45xB73	NA	1	FALSE	41288512	36783045	4460545	34075	10847	36879372	3159755	1238538	29475855	8113156	2825790	531530	1311515
bm294	Internode	Mo45xMo17	NA	1	FALSE	32223184	29524442	2663456	24471	10815	30125352	1314431	772586	53857474	0	3125592	756296	1934567
bm295	Endosperm	Mo45xMo17	NA	1	FALSE	30571063	27642067	2888110	27482	13404	26892892	2913798	750969	21717772	7154041	2184280	421385	906364
bm296	Leaf	Mo45xMo17	NA	1	FALSE	31383178	27488151	3849589	33156	12282	29130666	1288974	951256	24015644	2966462	1179272	300704	991577
bm297	Root	Mo45xMo17	NA	1	FALSE	33977455	30038465	3889071	34249	15670	30965383	1665511	1330891	25489448	3618986	1481885	375086	1499262
bm298	Seedling	Mo45xMo17	NA	1	FALSE	29908309	25684139	4189800	23932	10438	27099979	1235441	1562451	47150975	0	2455121	718339	3185702
bm299	Endosperm	Mo45xPH207	NA	1	FALSE	43046173	38213413	4783748	36076	12936	37355594	4443263	1234380	29236279	11026525	3412433	476106	1518973
bm300	Endosperm	MoGxB73	NA	1	FALSE	35525651	33031088	2453605	30518	10440	32327373	2370925	816913	27858212	7113938	1843979	337776	883910
bm301	Internode	MoGxB73	NA	1	FALSE	32435057	29626287	2771657	26419	10694	30695863	1090517	637983	26359640	2334873	1327185	347064	768786
bm302	Leaf	MoGxB73	NA	1	FALSE	28148264	24114930	3994578	27467	11289	25022303	1327372	1787300	19276244	3529407	1928297	219918	1686278
bm303	Root	MoGxB73	NA	1	FALSE	33869811	30333260	3490227	32719	13605	31344892	1075299	1436015	26550347	2423716	1185020	326004	1447288
bm304	Seedling	MoGxB73	NA	1	FALSE	30902030	26628403	4244354	19760	9513	28880190	1217556	794771	23558797	2779229	987585	313733	841525
bm305	Seedling	MoGxMo17	NA	1	FALSE	30163504	24904903	5216136	24823	17642	27341788	1703823	1100251	20925920	3912053	1240425	284854	1112723
bm306	Endosperm	MoGxMo17	NA	1	FALSE	36172369	33224978	2908836	27687	10868	32280932	3188239	692330	26973119	9922013	2268183	373700	759411
bm307	Internode	MoGxMo17	NA	1	FALSE	30659327	27493401	3138208	19810	7908	28698080	1150318	803021	24298700	2663749	1143146	309474	813641
bm308	Leaf	MoGxMo17	NA	1	FALSE	29624562	25657009	3922920	32277	12356	27245754	1365334	1001118	47191339	0	2998764	618786	2239875
bm309	Root	MoGxMo17	NA	1	FALSE	34501058	30036344	4416632	34025	14057	31760689	1430157	1296155	25818885	3420033	1440997	358209	1281103
bm310	Endosperm	NC230xB73	NA	1	FALSE	37225021	31571096	5589091	48976	15858	31981375	3341868	1885920	24568716	9993632	1809688	629535	2113250
bm311	Endosperm	NC230xB73	NA	2	FALSE	40880366	32735683	8066634	57295	20754	35543409	3670322	1645881	25566626	11832762	2043002	743774	1639003
bm312	Endosperm	NC230xMo17	NA	1	FALSE	34608147	31498617	3066611	31394	11525	31128375	2195244	1273003	26337471	6541883	1459293	497128	1320693
bm313	Endosperm	NC230xPH207	NA	1	FALSE	30133176	27592897	2506109	24211	9959	26460139	2470234	1192844	22398295	7637477	1430989	413247	1224085
bm314	Internode	NKH8431xB73	NA	1	FALSE	35151898	32547811	2565979	29058	9050	33588354	1043181	511313	29378633	2342460	1353881	369888	593538
bm315	Leaf	NKH8431xB73	NA	1	FALSE	42629540	35979730	6565023	55259	29528	38967206	1903031	1729775	65293294	0	5559700	900212	3916320
bm316	Root	NKH8431xB73	NA	1	FALSE	28965014	25814396	3111846	29165	9607	26841714	822681	1291012	22605544	1887420	1007124	284417	1282358
bm317	Seedling	NKH8431xB73	NA	1	FALSE	28443774	22666252	5747347	14616	15559	25662966	1110897	1654352	19186479	2396296	789191	281364	1517601
bm318	Endosperm	NKH8431xMo17	NA	1	FALSE	39333610	34353125	4930210	36638	13637	35663547	2791547	864879	28702957	7322569	1779401	663753	1130155
bm319	Endosperm	NKH8431xPH207	NA	1	FALSE	27609068	23151884	4421164	23264	12756	24866047	2137614	592651	18930820	5251087	1547969	385788	840249
bm320	Internode	NKS8326xB73	NA	1	FALSE	30702107	25093463	5571837	22109	14698	28863958	931565	891886	22025996	2122698	1026373	284772	843309
bm321	Leaf	NKS8326xB73	NA	1	FALSE	48172928	41197683	6886671	57924	30650	42774178	2596145	2771955	33622201	5758507	2483488	407347	2957164
bm322	Root	NKS8326xB73	NA	1	FALSE	32151657	28670587	3435600	33337	12133	30182614	1040168	916742	25372467	2393065	1208049	307952	980326
bm323	Endosperm	NKS8326xB73	NA	1	FALSE	34229142	30616838	3568915	31444	11945	30950795	2359230	907172	25302475	5722658	1655915	707517	1008056
bm324	Seedling	NKS8326xB73	NA	1	FALSE	31977599	28260362	3689261	19522	8454	30040524	1233011	695610	25281313	2728363	915403	339089	785639
bm325	Seedling	NKS8326xMo17	NA	1	FALSE	31737327	23784102	7916977	18530	17718	28918288	1391619	1409702	47342033	0	2615547	658149	2726864
bm326	Internode	NKS8326xMo17	NA	1	FALSE	30197513	27534917	2630331	22903	9362	28259837	1175549	752765	24235447	2594775	1194643	337953	828263
bm327	Leaf	NKS8326xMo17	NA	1	FALSE	48038462	41078390	6877892	55396	26784	43943380	2343521	1724776	35443175	5211326	1651951	434045	1863402
bm328	Root	NKS8326xMo17	NA	1	FALSE	33829330	29233882	4549322	32013	14113	31044166	1503614	1267437	53255984	0	3700533	892367	2771472
bm329	Endosperm	NKS8326xMo17	NA	1	FALSE	34215586	31049214	3122448	32074	11850	30004393	3081157	1118186	24544898	7063189	1904848	763432	1396956
bm330	Endosperm	NKS8326xPH207	NA	1	FALSE	33393815	29833007	3525553	26317	8938	29464641	3109724	810512	23788803	7502683	1927526	596764	1042950
bm331	Endosperm	Ny821xB73	NA	1	FALSE	33932096	30025720	3872470	24408	9498	30394699	2537445	990454	24533431	7098403	1958023	364739	1087191
bm332	Endosperm	Ny821xMo17	NA	1	FALSE	32691585	29871950	2782409	26857	10369	29392619	2593813	694784	24587094	7240510	1947127	323349	759013
bm333	Endosperm	Ny821xPH207	NA	1	FALSE	35898813	32165905	3694976	28682	9250	31835765	3048728	1005070	26015580	8519992	2200521	313776	1104428
bm334	Endosperm	Oh43xB73	NA	1	FALSE	31223360	27751371	3438633	22910	10446	27786230	2864041	562643	45758477	0	5400048	1335451	1326472
bm335	Internode	Oh43xB73	NA	1	FALSE	28032675	25717242	2288432	19772	7229	26557826	855545	612075	22994187	1977286	1051131	329702	624706
bm336	Leaf	Oh43xB73	NA	1	FALSE	51276266	44135808	7062691	51499	26268	45975387	2356360	2918251	76802855	0	7675097	1026599	6015126
bm337	Root	Oh43xB73	NA	1	FALSE	32304229	27925419	4330378	35693	12739	29738168	1061996	1491326	24250847	2388760	1135431	307154	1458465
bm338	Seedling	Oh43xB73	NA	1	FALSE	27818485	24376620	3413370	20155	8340	25379874	1102686	1327585	21080945	2454413	835749	287638	1343699
bm339	Endosperm	Oh43xMo17	NA	1	FALSE	31629617	26858700	4736305	20084	14528	26896366	3806768	911955	19284885	11216113	2756717	502070	851778
bm340	Endosperm	Oh43xPH207	NA	1	FALSE	34425285	31040313	3347464	27938	9570	29498181	3774926	1142608	23397187	10555637	2720085	436546	1428319
bm341	Leaf	PH207xB73	NA	1	FALSE	45517421	40075226	5366561	50848	24786	41650360	1894990	1947285	33519038	4694676	2680223	388481	1993529
bm342	Root	PH207xB73	NA	1	FALSE	32913509	29534200	3339317	28538	11454	31052749	1060448	788858	26398687	2358706	1093741	356303	873875
bm343	Endosperm	PH207xB73	NA	1	FALSE	32555943	27987602	4528912	27293	12136	28501159	2751202	1291446	21539742	6850527	2461849	457493	1389781
bm344	Seedling	PH207xB73	NA	1	FALSE	32943760	29252311	3657917	24224	9308	30134821	1994635	804996	25330120	3970018	1068619	373453	1290686
bm345	Internode	PH207xB73	NA	1	FALSE	31714951	27407066	4258136	34283	15466	29732503	1141130	825852	24106932	2450796	1148181	428708	914036
bm346	Endosperm	PH207xMo17	NA	1	FALSE	35871365	30640418	5147441	40901	42605	31004661	3049164	1774935	23945116	6669689	1948892	535538	2121640
bm347	Internode	PHB47xB73	NA	1	FALSE	27620058	25217965	2369576	22987	9530	25558508	1124862	927158	45532438	0	2555463	821825	2513408
bm348	Leaf	PHB47xB73	NA	1	FALSE	46868013	40979670	5820803	46532	21008	41998146	1810421	3038438	33649219	4503581	2604771	375331	2923443
bm349	Root	PHB47xB73	NA	1	FALSE	39500934	34652423	4801403	28744	18364	36840922	1250441	1391207	30560129	2778797	1343976	371837	1427909
bm350	Endosperm	PHB47xB73	NA	1	FALSE	39422859	34962188	4413792	33994	12885	35143187	3181413	1085374	28422141	9246141	2075998	667731	1390733
bm351	Seedling	PHB47xB73	NA	1	FALSE	28761481	25049768	3684797	19178	7738	26458413	1071325	1224005	21888705	2315835	826231	305989	1252846
bm352	Seedling	PHB47xMo17	NA	1	FALSE	29760276	25781601	3945078	22178	11419	26913665	1529725	1305467	21709329	3471405	1275066	324496	1347627
bm353	Internode	PHB47xMo17	NA	1	FALSE	37412287	33692112	3681472	27474	11229	35247348	1349208	804502	29994009	3095465	1374196	383025	833846
bm354	Leaf	PHB47xMo17	NA	1	FALSE	42333560	35776628	6485646	45081	26205	38521142	1812779	1973434	30533624	4217665	1532534	376647	1951950
bm355	Root	PHB47xMo17	NA	1	FALSE	27257895	23493597	3694171	39250	30877	24118130	1225594	1883294	40825146	0	3302980	662769	3939012
bm356	Endosperm	PHB47xMo17	NA	1	FALSE	34275990	30851028	3389080	27040	8842	31367252	2120322	779574	26494030	5680670	1319645	421658	973017
bm357	Endosperm	PHB47xPH207	NA	1	FALSE	35249661	28483828	6725648	28176	12009	30988264	2972389	1276999	22737251	9160315	1758157	492330	1250190
bm358	Internode	PHG29xB73	NA	1	FALSE	29509602	26521124	2953946	23587	10945	27851373	930989	716295	23669177	2160690	994327	370444	709554
bm359	Leaf	PHG29xB73	NA	1	FALSE	49954207	43550542	6322285	55161	26219	44819140	2145582	2963266	35466407	5459610	3161987	388528	2863314
bm360	Root	PHG29xB73	NA	1	FALSE	32200700	28837085	3326387	27043	10185	29817846	1035412	1337257	25226250	2325672	1151135	321618	1356799
bm361	Endosperm	PHG29xB73	NA	1	FALSE	36758397	31874027	4844389	28173	11808	33104417	2381742	1260430	26327579	5863550	1931594	442267	1344987
bm362	Seedling	PHG29xB73	NA	1	FALSE	27667149	23939695	3702035	17585	7834	25928347	1085388	645580	21315117	2350848	807716	296737	737976
bm363	Endosperm	PHG29xMo17	NA	1	FALSE	30374298	27702850	2639480	24794	7174	27336722	2374903	655499	22768833	5372214	1798484	365643	976798
bm364	Endosperm	PHG29xPH207	NA	1	FALSE	43520939	37349699	6100507	49705	21028	38862455	3145579	1491877	30565728	7916142	2384634	372120	1582985
bm365	Endosperm	PHG35xB73	NA	1	FALSE	36372629	33028862	3306380	26659	10728	33741040	2063945	556916	28761443	5169611	1517092	364211	609353
bm366	Internode	PHG35xB73	NA	1	FALSE	30249230	27657887	2556357	24532	10454	28720292	918578	599906	24784340	2139039	1085644	384133	613962
bm367	Leaf	PHG35xB73	NA	1	FALSE	31082688	26866535	4166803	36229	13121	28309308	1315882	1444377	22452700	3260067	1730570	274537	1390678
bm368	Root	PHG35xB73	NA	1	FALSE	30751800	27891806	2818509	30383	11102	28884219	983210	873269	24635616	2286526	1235194	299899	934078
bm369	Seedling	PHG35xB73	NA	1	FALSE	29445580	25834675	3581946	19621	9338	26935117	1165625	1335500	22393343	2514790	901067	319322	1362557
bm370	Seedling	PHG35xMo17	NA	1	FALSE	30516380	26831137	3648792	25411	11040	27679253	1819868	1006219	22523718	3956118	1477541	334125	1207480
bm371	Internode	PHG35xMo17	NA	1	FALSE	40863888	37487340	3333717	29152	13679	38287116	1461096	1101997	33101234	3420712	1594615	417126	1091573
bm372	Leaf	PHG35xMo17	NA	1	FALSE	32247411	28751621	3443875	39318	12597	29771277	1547526	916011	25060252	3528866	1185269	287646	989088
bm373	Root	PHG35xMo17	NA	1	FALSE	30762514	26148197	4563160	33176	17981	27055770	1334575	2354188	21175035	3231664	1448247	315070	2179820
bm374	Endosperm	PHG35xMo17	NA	1	FALSE	46648234	39928988	6613355	59505	46386	42160911	2442176	1998761	34103599	5956822	1588050	345842	2050881
bm375	Endosperm	PHG35xPH207	NA	1	FALSE	46502539	41253326	5180672	50219	18322	42638569	2420125	1425523	35789229	5792276	1667428	350227	1528691
bm376	Internode	PHG39xB73	NA	1	FALSE	35390714	32689503	2660436	29493	11282	33610378	1079772	689282	29299305	2532358	1329794	410954	718337
bm377	Leaf	PHG39xB73	NA	1	FALSE	34298868	30359179	3883294	39712	16683	30869989	1501487	1910709	25121079	3596351	1872727	301531	1887939
bm378	Root	PHG39xB73	NA	1	FALSE	36943044	32159893	4731142	36504	15505	33747384	1198867	1981288	27844160	2573356	1106692	402551	1958251
bm379	Endosperm	PHG39xB73	NA	1	FALSE	20917028	18285620	2595091	26065	10252	19235528	1103469	567779	33360305	0	1943242	736735	1318768
bm380	Seedling	PHG39xB73	NA	1	FALSE	36791571	32786085	3952781	38861	13844	34521414	1449306	807007	29148306	3120966	1208864	403418	984134
bm381	Seedling	PHG39xMo17	NA	1	FALSE	31543150	28088446	3407205	33078	14421	27577047	1684651	2267031	22659778	3807314	1538418	341174	2267131
bm382	Leaf	PHG39xMo17	NA	1	FALSE	36924791	32716052	4155351	38741	14647	34165306	1695637	1049201	28429030	3907966	1490282	340684	1121836
bm383	Root	PHG39xMo17	NA	1	FALSE	32960372	28543627	4367722	32613	16410	30426500	1407900	1109562	24621974	3247004	1343100	370018	1145496
bm384	Endosperm	PHG39xMo17	NA	1	FALSE	45576903	37873241	7476544	63062	164056	40003432	2890630	2518785	30936338	7603438	1709664	585722	2494735
bm385	Internode	PHG39xMo17	NA	1	FALSE	31774417	29152808	2561592	42332	17685	28948664	1159195	1648873	25016703	2662963	1222195	310660	1666235
bm386	Endosperm	PHG39xPH207	NA	1	FALSE	29927738	27584194	2307463	25873	10208	27203362	1881890	832278	23576206	4780713	1171431	339916	1004687
bm387	Internode	PHG47xB73	NA	1	FALSE	36866309	33898914	2926513	29581	11301	34525613	1275328	1054067	29935289	2545737	1384550	426465	1234491
bm388	Root	PHG47xB73	NA	1	FALSE	31725248	27893922	3790910	28253	12163	29266572	1042597	1403916	51390461	0	2865868	730654	3025671
bm389	Leaf	PHG47xB73	NA	1	FALSE	35454049	30650089	4743414	45344	15202	30889530	3064620	1484697	24325634	6020283	2079640	286615	2310719
bm390	Leaf	PHG47xB73	NA	2	FALSE	31814724	27787670	3973277	40118	13659	28732613	2212630	855822	22916919	4798374	1890012	272618	1306897
bm391	Endosperm	PHG47xB73	NA	1	FALSE	40006327	35588448	4351948	49759	16172	35424675	3561650	1003830	28637166	9233534	2262273	586887	1212235
bm392	Internode	PHG47xMo17	NA	1	FALSE	36033515	32631602	3364083	26999	10831	33694060	1319467	1009157	28699106	3110157	1457394	354315	996798
bm393	Root	PHG47xMo17	NA	1	FALSE	40386168	35822175	4513333	36016	14644	37205390	1719726	1446408	30907132	4098420	1695079	398589	1460734
bm394	Leaf	PHG47xMo17	NA	1	FALSE	32433997	29111939	3279860	30591	11607	29456066	1527456	1438868	24824738	3452380	1320612	290679	1476445
bm395	Endosperm	PHG47xMo17	NA	1	FALSE	32506251	28566750	3904023	25105	10373	28451007	3032468	1012403	22742825	7774377	1723239	493459	1171218
bm396	Seedling	PHG47xMo17	NA	1	FALSE	28249912	25513762	2710277	18671	7202	26197050	1264134	781526	22373469	2897702	977595	298125	864266
bm397	Endosperm	PHG47xPH207	NA	1	FALSE	32222283	29237935	2945190	30489	8669	27775490	3333756	1104368	22746800	8750752	2020832	401029	1263891
bm398	Seedling	PHG50xB73	NA	1	FALSE	31330792	28275683	3016371	26815	11923	29563245	1092690	662934	25410723	2441675	966060	311003	731625
bm399	Endosperm	PHG50xB73	NA	1	FALSE	32896145	30089733	2764314	28261	13837	29825627	2301260	755421	25079032	6824320	1803652	376947	788378
bm400	Internode	PHG50xB73	NA	1	FALSE	33805946	31021113	2743478	28978	12377	31941088	1097300	755181	27626256	2485740	1217323	459666	798492
bm401	Leaf	PHG50xB73	NA	1	FALSE	34805993	30582706	4175080	34046	14161	32028521	1708615	1054696	25204962	4467852	2633553	286496	1129556
bm402	Root	PHG50xB73	NA	1	FALSE	32927502	29377231	3504109	32819	13343	31012178	1110840	791141	25967794	2560228	1357218	336486	868228
bm403	Seedling	PHG50xMo17	NA	1	FALSE	44292651	40280194	3952890	4e4	19567	41221900	1841348	1209836	35576924	4247144	1489366	435139	1250708
bm404	Endosperm	PHG50xMo17	NA	1	FALSE	41124437	36938629	4134257	33459	18092	37796448	2417397	892500	31784378	6737089	1774455	376531	919844
bm405	Leaf	PHG50xMo17	NA	1	FALSE	33077189	29504745	3527578	32798	12068	29986966	1477054	1601101	25087147	3433619	1370450	288471	1586915
bm406	Root	PHG50xMo17	NA	1	FALSE	31373579	28211566	3122172	29331	10510	28284144	1353034	1725891	23779768	3121394	1335837	325515	1726420
bm407	Internode	PHG50xMo17	NA	1	FALSE	34582521	32046752	2465446	49931	20392	31948219	1360444	1253466	27768917	2995886	1469152	359866	1348699
bm408	Endosperm	PHG50xPH207	NA	1	FALSE	32375761	29084392	3266635	19136	5598	29097662	2638002	634499	23906109	7730252	1909445	325050	708726
bm409	Internode	PHG72xB73	NA	1	FALSE	34531922	31780725	2708081	31472	11644	32688186	1042437	789655	28429475	2395558	1263172	380240	819701
bm410	Leaf	PHG72xB73	NA	1	FALSE	34115222	29912688	4147665	38386	16483	31265993	1560467	1272279	52564982	0	5357125	699069	2779050
bm411	Root	PHG72xB73	NA	1	FALSE	34798204	30607433	4145253	32559	12959	32720062	1117557	947626	27117374	2542782	1263388	360735	1026348
bm412	Endosperm	PHG72xB73	NA	1	FALSE	28871595	24851503	3989437	18378	12277	25692799	2275097	891422	19779187	5481400	1972278	338573	960368
bm413	Seedling	PHG72xB73	NA	1	FALSE	26732367	23404186	3299986	19990	8205	24068945	1063373	1591844	42228777	0	2168844	726126	3373789
bm414	Endosperm	PHG72xMo17	NA	1	FALSE	30045841	26306014	3707420	22788	9619	26569353	2517291	949578	20957292	5816540	1852333	415235	1184851
bm415	Endosperm	PHG72xPH207	NA	1	FALSE	32665713	29265087	3368632	23662	8332	28649129	2957292	1050960	23038891	7084615	2272513	346167	1256135
bm416	Endosperm	PHG83xB73	NA	1	FALSE	33300447	30410648	2854140	27424	8235	29727216	3056133	508863	24686353	5816357	1884803	589429	1592904
bm417	Endosperm	PHG83xMo17	NA	1	FALSE	44512389	39252757	5204889	35579	19164	40689584	3095745	707896	32744836	8249481	2379965	750775	836406
bm418	Endosperm	PHG83xPH207	NA	1	FALSE	29488708	26003210	3448559	26180	10759	26322452	2173182	982315	21129136	5500827	1603475	442079	1175129
bm419	Seedling	PHJ40xB73	NA	1	FALSE	29106837	22857648	6211436	19047	18706	27123458	1170998	793675	20161717	2699378	848538	252431	796907
bm420	Endosperm	PHJ40xB73	NA	1	FALSE	32453983	29456603	2955143	27731	14506	29204365	2491925	743187	24596775	5902450	1363687	556192	873174
bm421	Internode	PHJ40xB73	NA	1	FALSE	37353630	34746210	2565083	30552	11785	35497361	1118565	725919	31176335	2529435	1430359	406497	788285
bm422	Leaf	PHJ40xB73	NA	1	FALSE	36023138	31465771	4508387	34848	14132	33321791	1714112	973103	26767848	4187024	2026274	309149	1056713
bm423	Root	PHJ40xB73	NA	1	FALSE	31334624	27888298	3387388	41523	17415	28508850	994959	1813400	23877319	2241197	1132540	336736	1775354
bm424	Endosperm	PHJ40xMo17	NA	1	FALSE	30912782	28547902	2332215	21793	10872	27562106	2863714	476090	23379696	6954156	1438327	634259	596006
bm425	Internode	PHJ40xMo17	NA	1	FALSE	36313734	31510990	4769187	16780	16777	34016243	1349542	931172	27608850	3085854	1397910	328218	934167
bm426	Leaf	PHJ40xMo17	NA	1	FALSE	38693223	33849527	4791879	36502	15315	34872403	1817812	1987693	28770648	4123462	1389286	341304	1949289
bm427	Root	PHJ40xMo17	NA	1	FALSE	37734514	33538037	4149573	33612	13292	34890702	1666094	1164426	28993974	3828024	1624790	383351	1274162
bm428	Seedling	PHJ40xMo17	NA	1	FALSE	27569548	25067953	2477022	17889	6684	25628101	1187841	746922	21937094	2712636	1069194	286050	824993
bm429	Endosperm	PHJ40xPH207	NA	1	FALSE	39021403	34582743	4403683	26904	8073	34541444	3364625	1107261	27918980	8424861	1957598	726015	1210776
bm430	Internode	PHN11xB73	NA	1	FALSE	38349028	34307932	4004127	26190	10779	36118872	1463033	756344	30371587	2918984	1470414	473594	1025460
bm431	Leaf	PHN11xB73	NA	1	FALSE	33412769	29766061	3605e3	29955	11753	30499414	1899097	1002505	24683313	4370955	2189969	278823	1297671
bm432	Root	PHN11xB73	NA	1	FALSE	43075707	37863832	5133261	58028	20586	39639163	1544163	1871795	33018008	3226455	1391149	423514	1993476
bm433	Endosperm	PHN11xB73	NA	1	FALSE	31277087	26709223	4527634	25111	15119	27529986	2826820	905162	20796571	6658154	2261441	421123	1163727
bm434	Seedling	PHN11xB73	NA	1	FALSE	33061298	29022597	3984538	39067	15096	30350290	1184176	1511736	25299642	2647916	967032	345232	1508519
bm435	Leaf	PHN11xMo17	NA	1	FALSE	31426808	27245360	4141578	28969	10901	28549947	1449742	1416218	23393162	3249714	1061231	281194	1432474
bm436	Root	PHN11xMo17	NA	1	FALSE	32645321	28915419	3668820	45717	15365	30302556	1357185	970215	53216928	0	3145166	779581	2167412
bm437	Seedling	PHN11xMo17	NA	1	FALSE	32732965	28495722	4184188	37377	15678	29541333	1530092	1645862	24195643	3502996	1192846	329676	1674921
bm438	Endosperm	PHN11xPH207	NA	1	FALSE	34736571	30533589	4169765	24038	9179	30540381	3287607	899404	23900294	7992571	2581697	367509	1145848
bm439	Seedling	PHW65xB73	NA	1	FALSE	35449095	31990389	3413942	30838	13926	33102243	1449477	883449	28431118	3039882	1107948	345246	1034000
bm440	Internode	PHW65xB73	NA	1	FALSE	38138929	34210675	3892206	25962	10086	35890680	1164836	1073327	30365996	2763708	1400547	429943	1049105
bm441	Root	PHW65xB73	NA	1	FALSE	34331637	30319660	3949042	47538	15397	31890414	1112736	1313090	26695065	2474321	1130260	338687	1330656
bm442	Leaf	PHW65xB73	NA	1	FALSE	33780376	29382474	4337170	45236	15496	30314219	1787706	1662955	52206791	0	3747132	669829	4037595
bm443	Leaf	PHW65xB73	NA	2	FALSE	28236099	24894020	3163953	31496	146630	25517963	1624374	947132	44276649	0	3286375	551387	2710950
bm444	Endosperm	PHW65xB73	NA	1	FALSE	32822144	29124911	3663578	24616	9039	29390788	2775859	646458	49362638	0	4959672	1153032	1789691
bm445	Seedling	PHW65xMo17	NA	1	FALSE	27874887	24797362	3045302	20826	11397	25649061	1365192	849237	45438401	0	2417387	617288	2141995
bm446	Internode	PHW65xMo17	NA	1	FALSE	31707042	29464575	2204062	28579	9826	29745187	1160688	791341	26018076	2762470	1311349	315122	792691
bm447	Leaf	PHW65xMo17	NA	1	FALSE	32513143	28774935	3691638	32976	13594	29819608	1544123	1135818	24871825	3555968	1206148	284924	1173588
bm448	Root	PHW65xMo17	NA	1	FALSE	33762823	29975162	3726610	45696	15355	31266456	1517154	963858	25988469	3429896	1454567	330324	1067112
bm449	Endosperm	PHW65xMo17	NA	1	FALSE	50621700	44678125	5879264	48980	15331	44330029	4842776	1433564	73190572	0	8140036	2091900	3622996
bm450	Endosperm	PHW65xPH207	NA	1	FALSE	47425903	43466744	3893717	50489	14953	41553052	4643286	1214612	34008387	12305926	3405564	627598	1394224
bm451	Seedling	Q381xB73	NA	1	FALSE	33649932	30980292	2621898	32732	15010	31633573	1403068	598281	27729087	2905246	1079974	325204	811956
bm452	Leaf	Q381xB73	NA	1	FALSE	31934248	28189156	3702601	30843	11648	28884842	1597231	1440527	23061108	4052416	2166288	266027	1458330
bm453	Root	Q381xB73	NA	1	FALSE	36130869	32092845	3964846	55270	17908	33242903	1252522	1617536	27732555	2781096	1433132	357126	1650953
bm454	Endosperm	Q381xB73	NA	2	FALSE	24827356	17445792	7315137	25195	41232	20328396	2986714	1471014	23238000	0	9620057	1643093	2817087
bm455	Endosperm	Q381xB73	NA	1	FALSE	33922957	29278367	4577456	51436	15698	29782270	3259946	865043	22278149	7844261	2901276	492006	1137582
bm456	Endosperm	Q381xMo17	NA	1	FALSE	39132590	35878999	3195770	45258	12563	34488524	3608068	1023435	27881796	8848553	3161037	573486	1261518
bm457	Endosperm	Q381xPH207	NA	1	FALSE	42781794	39155592	3573513	40686	12003	37648778	4171874	949139	30456200	10275576	3518610	463660	1292103
bm458	Endosperm	W64AxB73	NA	1	FALSE	31152487	28554296	2559946	26009	12236	27535773	2938042	666436	22343944	7757718	2172893	709741	714043
bm459	Root	W64AxB73	NA	1	FALSE	33059070	29473710	3526866	44898	13596	31071600	1187220	786654	25936537	2698725	1398952	361921	881773
bm460	Seedling	W64AxB73	NA	1	FALSE	29195647	25715634	3433346	31508	15159	27260790	1199363	720335	48104792	0	2412009	744961	1756960
bm461	Root	W64AxMo17	NA	1	FALSE	36838596	32403024	4391090	28507	15975	34127225	1672742	1022654	28185165	3714976	1490121	351294	1161905
bm462	Seedling	W64AxMo17	NA	1	FALSE	37102095	33625326	3430511	31958	14300	34168400	1946531	972864	29385344	3948881	1255977	341153	1293946
bm463	Endosperm	W64AxMo17	NA	1	FALSE	33038303	29280219	3729948	19492	8644	28497794	3901713	630152	21966208	9875566	2417115	820231	884285
bm464	Leaf	W64AxMo17	NA	1	FALSE	33739508	29788544	3892536	44006	14422	29687714	2724169	1313203	24781812	4715384	1115760	300589	2132983
bm465	Leaf	W64AxMo17	NA	2	FALSE	32755719	28065377	4632073	42646	15623	30028473	1647021	1064602	24398042	3574807	986615	301656	1164315
bm466	Leaf	W64AxMo17xB73	NA	1	FALSE	33617183	30025528	3551725	28470	11460	30817484	1854951	933288	24801101	4471834	2438927	277239	1161065
bm467	Endosperm	W64AxPH207	NA	1	FALSE	49424782	40887270	8489207	34694	13611	41886716	6044677	1479778	29405229	16098056	4153794	1093806	1537711
